State,Well Name,Depth (m),Porosity (%),Permeability_h (md),Permeability_v (md),Lithology (major),Well Classification,Longitude,Latitude,Onshore/Offshore,Decision
New South Wales,BMR Wollongong 1,18.7,4.7,0.1,0.1,shale,Stratigraphic ,150.6,34.9667,Onshore,Non-Acceptable
New South Wales,BMR Wollongong 1,23.1,7.4,0.1,0.1,sandstone,Stratigraphic ,150.6,34.9667,Onshore,Non-Acceptable
New South Wales,BMR Wollongong 1,27,9.9,0.2,0.2,sandstone,Stratigraphic ,150.6,34.9667,Onshore,Non-Acceptable
New South Wales,BMR Wollongong 1,45.8,4,0.1,0.1,siltstone,Stratigraphic ,150.6,34.9667,Onshore,Non-Acceptable
New South Wales,BMR Wollongong 1,70.8,3.1,0.1,0.1,siltstone,Stratigraphic ,150.6,34.9667,Onshore,Non-Acceptable
New South Wales,BMR Wollongong 1,87.1,2.5,0.1,0.1,sandstone,Stratigraphic ,150.6,34.9667,Onshore,Non-Acceptable
New South Wales,BMR Wollongong 1,133.2,3.2,0.1,0.1,siltstone,Stratigraphic ,150.6,34.9667,Onshore,Non-Acceptable
New South Wales,BMR Wollongong 1,213,4.8,0.1,0.1,sandstone,Stratigraphic ,150.6,34.9667,Onshore,Non-Acceptable
New South Wales,BMR Wollongong 1,239.2,9.3,0.1,0.1,sandstone,Stratigraphic ,150.6,34.9667,Onshore,Non-Acceptable
New South Wales,BMR Wollongong 1,240.6,11,0.2,0.3,sandstone,Stratigraphic ,150.6,34.9667,Onshore,Non-Acceptable
New South Wales,BMR Wollongong 1,276.3,3.5,0.1,0.1,sandstone,Stratigraphic ,150.6,34.9667,Onshore,Non-Acceptable
New South Wales,BMR Wollongong 1,288.9,9.4,0.1,0.1,sandstone,Stratigraphic ,150.6,34.9667,Onshore,Non-Acceptable
New South Wales,BMR Wollongong 1,305.2,5.9,0.1,0.1,sandstone,Stratigraphic ,150.6,34.9667,Onshore,Non-Acceptable
New South Wales,Bancannia North 1,421.2,11,0,0,sandstone,Exploration,141.8361,30.6569,Onshore,Non-Acceptable
New South Wales,Bancannia North 1,484,11,1,1,sandstone,Exploration,141.8361,30.6569,Onshore,Non-Acceptable
New South Wales,Bancannia North 1,573.5,12,0.9,0,sandstone,Exploration,141.8361,30.6569,Onshore,Non-Acceptable
New South Wales,Bancannia North 1,727.2,11,1,1,sandstone,Exploration,141.8361,30.6569,Onshore,Non-Acceptable
New South Wales,Bancannia North 1,869.2,10,0,5,sandstone,Exploration,141.8361,30.6569,Onshore,Non-Acceptable
New South Wales,Bancannia North 1,1183.2,26,0,0,sandstone,Exploration,141.8361,30.6569,Onshore,Non-Acceptable
New South Wales,Bancannia North 1,1305.7,5,0,0,sandstone,Exploration,141.8361,30.6569,Onshore,Non-Acceptable
New South Wales,Bancannia North 1,1417.3,2,0,0,sandstone,Exploration,141.8361,30.6569,Onshore,Non-Acceptable
New South Wales,Bancannia North 1,1478.2,4,0,0,sandstone,Exploration,141.8361,30.6569,Onshore,Non-Acceptable
New South Wales,Woronora 1,455.4,31,1330,0,sandstone,Exploration,150.9139,34.1944,Onshore,Acceptable
New South Wales,Woronora 1,915.7,15,0,0,sandstone,Exploration,150.9139,34.1944,Onshore,Non-Acceptable
New South Wales,Woronora 1,1056.8,2.5,0,0,sandstone,Exploration,150.9139,34.1944,Onshore,Non-Acceptable
New South Wales,Woronora 1,1123.8,7.5,0,0,sandstone,Exploration,150.9139,34.1944,Onshore,Non-Acceptable
New South Wales,Woronora 1,1189.4,10.5,0,0,sandstone,Exploration,150.9139,34.1944,Onshore,Non-Acceptable
New South Wales,Woronora 1,1366.2,7.5,0,0,sandstone,Exploration,150.9139,34.1944,Onshore,Non-Acceptable
New South Wales,Woronora 1,1482.6,1,0,0,siltstone,Exploration,150.9139,34.1944,Onshore,Non-Acceptable
New South Wales,Woronora 1,1560.6,7,0,0,sandstone,Exploration,150.9139,34.1944,Onshore,Non-Acceptable
New South Wales,Woronora 1,1654.2,5,0,0,sandstone,Exploration,150.9139,34.1944,Onshore,Non-Acceptable
New South Wales,Woronora 1,1761.8,5,0,0,sandstone,Exploration,150.9139,34.1944,Onshore,Non-Acceptable
New South Wales,Woronora 1,1854.1,7,0,0,sandstone,Exploration,150.9139,34.1944,Onshore,Non-Acceptable
New South Wales,Woronora 1,1942.2,4,0,0,sandstone,Exploration,150.9139,34.1944,Onshore,Non-Acceptable
New South Wales,Woronora 1,2034.3,3,0,0,sandstone,Exploration,150.9139,34.1944,Onshore,Non-Acceptable
New South Wales,Woronora 1,2138.5,2,0,0,siltstone,Exploration,150.9139,34.1944,Onshore,Non-Acceptable
New South Wales,Woronora 1,2245.8,2,0,0,siltstone,Exploration,150.9139,34.1944,Onshore,Non-Acceptable
Northern Territory ,Alice 1,158.5,16.4,20,13,sandstone,Stratigraphic ,133.9667,23.9131,Onshore,Non-Acceptable
Northern Territory ,Alice 1,251.8,24,155,84,sandstone,Stratigraphic ,133.9667,23.9131,Onshore,Acceptable
Northern Territory ,Alice 1,342.6,22.5,197,49,sandstone,Stratigraphic ,133.9667,23.9131,Onshore,Acceptable
Northern Territory ,Alice 1,435.9,10,0,0,sandstone,Stratigraphic ,133.9667,23.9131,Onshore,Non-Acceptable
Northern Territory ,Alice 1,537.7,11,0,0,sandstone,Stratigraphic ,133.9667,23.9131,Onshore,Non-Acceptable
Northern Territory ,Alice 1,656.3,16.5,7,0,sandstone,Stratigraphic ,133.9667,23.9131,Onshore,Non-Acceptable
Northern Territory ,Alice 1,826.7,12.5,33,5,unspecified,Stratigraphic ,133.9667,23.9131,Onshore,Non-Acceptable
Northern Territory ,Alice 1,907.4,6.5,0,0,unspecified,Stratigraphic ,133.9667,23.9131,Onshore,Non-Acceptable
Northern Territory ,Alice 1,952.6,8,0,0,sandstone,Stratigraphic ,133.9667,23.9131,Onshore,Non-Acceptable
Northern Territory ,Alice 1,953.8,8.5,0,0,sandstone,Stratigraphic ,133.9667,23.9131,Onshore,Non-Acceptable
Northern Territory ,Alice 1,1040,3,0,0,sandstone,Stratigraphic ,133.9667,23.9131,Onshore,Non-Acceptable
Northern Territory ,Alice 1,1093.4,8.5,0,0,shale,Stratigraphic ,133.9667,23.9131,Onshore,Non-Acceptable
Northern Territory ,Alice 1,1185.1,4,0,0,limestone,Stratigraphic ,133.9667,23.9131,Onshore,Non-Acceptable
Northern Territory ,Alice 1,1278.1,3.5,0,0,limestone,Stratigraphic ,133.9667,23.9131,Onshore,Non-Acceptable
Northern Territory ,Alice 1,1379.9,2.5,0,0,limestone,Stratigraphic ,133.9667,23.9131,Onshore,Non-Acceptable
Northern Territory ,Alice 1,1476.8,5.5,0,0,limestone,Stratigraphic ,133.9667,23.9131,Onshore,Non-Acceptable
Northern Territory ,Alice 1,1575,3,0,0,limestone,Stratigraphic ,133.9667,23.9131,Onshore,Non-Acceptable
Northern Territory ,Alice 1,1576.8,6,0,0,limestone,Stratigraphic ,133.9667,23.9131,Onshore,Non-Acceptable
Northern Territory ,Alice 1,1662.7,1.5,0,0,shale,Stratigraphic ,133.9667,23.9131,Onshore,Non-Acceptable
Northern Territory ,Alice 1,1662.7,1,0,0,shale,Stratigraphic ,133.9667,23.9131,Onshore,Non-Acceptable
Northern Territory ,Alice 1,1744.4,5,0,0,shale,Stratigraphic ,133.9667,23.9131,Onshore,Non-Acceptable
Northern Territory ,Alice 1,1848.4,0,0,0,limestone,Stratigraphic ,133.9667,23.9131,Onshore,Non-Acceptable
Northern Territory ,Alice 1,1858.1,0,0,0,limestone,Stratigraphic ,133.9667,23.9131,Onshore,Non-Acceptable
Northern Territory ,Alice 1,1858.7,1,0,0,limestone,Stratigraphic ,133.9667,23.9131,Onshore,Non-Acceptable
Northern Territory ,Alice 1,1864.8,1,0,0,limestone,Stratigraphic ,133.9667,23.9131,Onshore,Non-Acceptable
Northern Territory ,Alice 1,1866.4,9,0,0,dolomite,Stratigraphic ,133.9667,23.9131,Onshore,Non-Acceptable
Northern Territory ,Alice 1,1866.6,10,0,0,dolomite,Stratigraphic ,133.9667,23.9131,Onshore,Non-Acceptable
Northern Territory ,Alice 1,1866.6,5,0,0,dolomite,Stratigraphic ,133.9667,23.9131,Onshore,Non-Acceptable
Northern Territory ,Alice 1,1869.4,0.5,0,0,shale,Stratigraphic ,133.9667,23.9131,Onshore,Non-Acceptable
Northern Territory ,Alice 1,1963.9,1,0,0,limestone,Stratigraphic ,133.9667,23.9131,Onshore,Non-Acceptable
Northern Territory ,Alice 1,2060.5,11.5,0,0,limestone,Stratigraphic ,133.9667,23.9131,Onshore,Non-Acceptable
Northern Territory ,Alice 1,2061.1,11,0,0,shale,Stratigraphic ,133.9667,23.9131,Onshore,Non-Acceptable
Northern Territory ,Alice 1,2097.1,4.5,0,0,salt,Stratigraphic ,133.9667,23.9131,Onshore,Non-Acceptable
Northern Territory ,Alice 1,2226.6,1,0,0,shale,Stratigraphic ,133.9667,23.9131,Onshore,Non-Acceptable
Northern Territory ,Alice 1,2291.5,2,0,0,shale,Stratigraphic ,133.9667,23.9131,Onshore,Non-Acceptable
Northern Territory ,Alice 1,2292.1,3,0,0,shale,Stratigraphic ,133.9667,23.9131,Onshore,Non-Acceptable
Northern Territory ,East Mereenie 1,793.5,7,0,0,sandstone,Appraisal,131.5642,24.0086,Onshore,Non-Acceptable
Northern Territory ,East Mereenie 1,794.3,7.3,0,0,sandstone,Appraisal,131.5642,24.0086,Onshore,Non-Acceptable
Northern Territory ,East Mereenie 1,795.6,10.1,0,0,sandstone,Appraisal,131.5642,24.0086,Onshore,Non-Acceptable
Northern Territory ,East Mereenie 1,795.8,9.6,0,0,sandstone,Appraisal,131.5642,24.0086,Onshore,Non-Acceptable
Northern Territory ,East Mereenie 1,796.9,7.4,0,0,sandstone,Appraisal,131.5642,24.0086,Onshore,Non-Acceptable
Northern Territory ,East Mereenie 1,805.9,12.6,0,0,sandstone,Appraisal,131.5642,24.0086,Onshore,Non-Acceptable
Northern Territory ,East Mereenie 1,806.4,7.7,0,0,sandstone,Appraisal,131.5642,24.0086,Onshore,Non-Acceptable
Northern Territory ,East Mereenie 1,806.8,9.8,0,0,sandstone,Appraisal,131.5642,24.0086,Onshore,Non-Acceptable
Northern Territory ,East Mereenie 1,807.5,5.7,0,0,sandstone,Appraisal,131.5642,24.0086,Onshore,Non-Acceptable
Northern Territory ,East Mereenie 1,807.9,8.2,0,0,sandstone,Appraisal,131.5642,24.0086,Onshore,Non-Acceptable
Northern Territory ,East Mereenie 1,808.3,11.7,2.9,0,sandstone,Appraisal,131.5642,24.0086,Onshore,Non-Acceptable
Northern Territory ,East Mereenie 1,808.9,11.4,2.9,2,sandstone,Appraisal,131.5642,24.0086,Onshore,Non-Acceptable
Northern Territory ,East Mereenie 1,809.2,12.9,2.7,0,sandstone,Appraisal,131.5642,24.0086,Onshore,Non-Acceptable
Northern Territory ,East Mereenie 1,809.9,9.6,0,0,sandstone,Appraisal,131.5642,24.0086,Onshore,Non-Acceptable
Northern Territory ,East Mereenie 1,810.8,10.6,0,0,sandstone,Appraisal,131.5642,24.0086,Onshore,Non-Acceptable
Northern Territory ,East Mereenie 1,811,8.1,0,0,sandstone,Appraisal,131.5642,24.0086,Onshore,Non-Acceptable
Northern Territory ,East Mereenie 1,811.8,5.7,0,0,sandstone,Appraisal,131.5642,24.0086,Onshore,Non-Acceptable
Northern Territory ,East Mereenie 1,812.5,10.3,4.2,7.5,sandstone,Appraisal,131.5642,24.0086,Onshore,Non-Acceptable
Northern Territory ,East Mereenie 1,813.4,7.5,0,0,sandstone,Appraisal,131.5642,24.0086,Onshore,Non-Acceptable
Northern Territory ,East Mereenie 1,815.4,4.5,0,0,shale,Appraisal,131.5642,24.0086,Onshore,Non-Acceptable
Northern Territory ,East Mereenie 1,815.7,2.5,0,0,shale,Appraisal,131.5642,24.0086,Onshore,Non-Acceptable
Northern Territory ,East Mereenie 1,816.8,7,0,0,sandstone,Appraisal,131.5642,24.0086,Onshore,Non-Acceptable
Northern Territory ,East Mereenie 1,817.6,5.5,0,0,siltstone,Appraisal,131.5642,24.0086,Onshore,Non-Acceptable
Northern Territory ,East Mereenie 1,818.9,4,1,0,sandstone,Appraisal,131.5642,24.0086,Onshore,Non-Acceptable
Northern Territory ,East Mereenie 1,820,3.5,0,0,sandstone,Appraisal,131.5642,24.0086,Onshore,Non-Acceptable
Northern Territory ,East Mereenie 1,822,6.5,0,0,siltstone,Appraisal,131.5642,24.0086,Onshore,Non-Acceptable
Northern Territory ,East Mereenie 1,822.9,3,0,0,shale,Appraisal,131.5642,24.0086,Onshore,Non-Acceptable
Northern Territory ,East Mereenie 1,946.6,8,0,0,shale,Appraisal,131.5642,24.0086,Onshore,Non-Acceptable
Northern Territory ,East Mereenie 1,947.8,6,0,0,sandstone,Appraisal,131.5642,24.0086,Onshore,Non-Acceptable
Northern Territory ,East Mereenie 1,948.5,5.5,0,0,sandstone,Appraisal,131.5642,24.0086,Onshore,Non-Acceptable
Northern Territory ,East Mereenie 1,950.2,8,3,0,siltstone,Appraisal,131.5642,24.0086,Onshore,Non-Acceptable
Northern Territory ,East Mereenie 1,950.8,11.5,0,0,siltstone,Appraisal,131.5642,24.0086,Onshore,Non-Acceptable
Northern Territory ,East Mereenie 1,951.7,6,0,0,sandstone,Appraisal,131.5642,24.0086,Onshore,Non-Acceptable
Northern Territory ,East Mereenie 1,953.6,7,0,0,siltstone,Appraisal,131.5642,24.0086,Onshore,Non-Acceptable
Northern Territory ,East Mereenie 1,954.7,12,0,0,siltstone,Appraisal,131.5642,24.0086,Onshore,Non-Acceptable
Northern Territory ,East Mereenie 1,955.3,8.5,3,0,sandstone,Appraisal,131.5642,24.0086,Onshore,Non-Acceptable
Northern Territory ,East Mereenie 1,957.1,11,0,0,sandstone,Appraisal,131.5642,24.0086,Onshore,Non-Acceptable
Northern Territory ,East Mereenie 1,958,5,0,0,sandstone,Appraisal,131.5642,24.0086,Onshore,Non-Acceptable
Northern Territory ,East Mereenie 1,959,14,0,0,siltstone,Appraisal,131.5642,24.0086,Onshore,Non-Acceptable
Northern Territory ,East Mereenie 1,960.1,7.5,0,0,shale,Appraisal,131.5642,24.0086,Onshore,Non-Acceptable
Northern Territory ,East Mereenie 1,960.9,2.5,0,0,shale,Appraisal,131.5642,24.0086,Onshore,Non-Acceptable
Northern Territory ,East Mereenie 1,961.9,9,0,0,siltstone,Appraisal,131.5642,24.0086,Onshore,Non-Acceptable
Northern Territory ,East Mereenie 1,1054.2,2.5,2,0,shale,Appraisal,131.5642,24.0086,Onshore,Non-Acceptable
Northern Territory ,East Mereenie 1,1055,1.5,0,0,shale,Appraisal,131.5642,24.0086,Onshore,Non-Acceptable
Northern Territory ,East Mereenie 1,1056.5,1,0,0,shale,Appraisal,131.5642,24.0086,Onshore,Non-Acceptable
Northern Territory ,East Mereenie 1,1058.3,1.5,0,0,shale,Appraisal,131.5642,24.0086,Onshore,Non-Acceptable
Northern Territory ,East Mereenie 1,1161.3,4.5,0,0,shale,Appraisal,131.5642,24.0086,Onshore,Non-Acceptable
Northern Territory ,East Mereenie 1,1162.3,7,0,0,shale,Appraisal,131.5642,24.0086,Onshore,Non-Acceptable
Northern Territory ,East Mereenie 1,1163,6.5,0,0,shale,Appraisal,131.5642,24.0086,Onshore,Non-Acceptable
Northern Territory ,East Mereenie 1,1165.4,11.5,814,17,sandstone,Appraisal,131.5642,24.0086,Onshore,Non-Acceptable
Northern Territory ,East Mereenie 1,1165.6,10.6,315,1350,sandstone,Appraisal,131.5642,24.0086,Onshore,Non-Acceptable
Northern Territory ,East Mereenie 1,1165.9,8.7,109,21,sandstone,Appraisal,131.5642,24.0086,Onshore,Non-Acceptable
Northern Territory ,East Mereenie 1,1166.2,10.5,53,417,sandstone,Appraisal,131.5642,24.0086,Onshore,Non-Acceptable
Northern Territory ,East Mereenie 1,1166.8,12.5,941,429,sandstone,Appraisal,131.5642,24.0086,Onshore,Non-Acceptable
Northern Territory ,East Mereenie 1,1167.1,11.6,274,465,sandstone,Appraisal,131.5642,24.0086,Onshore,Non-Acceptable
Northern Territory ,East Mereenie 1,1170.5,5,0,0,shale,Appraisal,131.5642,24.0086,Onshore,Non-Acceptable
Northern Territory ,East Mereenie 1,1171.8,6.5,0,0,shale,Appraisal,131.5642,24.0086,Onshore,Non-Acceptable
Northern Territory ,East Mereenie 1,1172.7,6,0,0,shale,Appraisal,131.5642,24.0086,Onshore,Non-Acceptable
Northern Territory ,East Mereenie 1,1173.3,5,2,0,sandstone,Appraisal,131.5642,24.0086,Onshore,Non-Acceptable
Northern Territory ,East Mereenie 1,1173.5,3.1,0,0,sandstone,Appraisal,131.5642,24.0086,Onshore,Non-Acceptable
Northern Territory ,East Mereenie 1,1174.3,7,5,2,sandstone,Appraisal,131.5642,24.0086,Onshore,Non-Acceptable
Northern Territory ,East Mereenie 1,1174.4,6.6,2.8,2.1,sandstone,Appraisal,131.5642,24.0086,Onshore,Non-Acceptable
Northern Territory ,East Mereenie 1,1257.3,4.7,3.7,0.2,sandstone,Appraisal,131.5642,24.0086,Onshore,Non-Acceptable
Northern Territory ,East Mereenie 1,1257.4,9,39,0,sandstone,Appraisal,131.5642,24.0086,Onshore,Non-Acceptable
Northern Territory ,East Mereenie 1,1257.8,5.5,12,0,sandstone,Appraisal,131.5642,24.0086,Onshore,Non-Acceptable
Northern Territory ,East Mereenie 1,1258.2,1.9,0,0,sandstone,Appraisal,131.5642,24.0086,Onshore,Non-Acceptable
Northern Territory ,East Mereenie 1,1258.3,10,1,0,sandstone,Appraisal,131.5642,24.0086,Onshore,Non-Acceptable
Northern Territory ,East Mereenie 1,1258.7,9,2,2,sandstone,Appraisal,131.5642,24.0086,Onshore,Non-Acceptable
Northern Territory ,East Mereenie 1,1259.4,3.8,0,0,sandstone,Appraisal,131.5642,24.0086,Onshore,Non-Acceptable
Northern Territory ,East Mereenie 1,1259.6,4,0,0,sandstone,Appraisal,131.5642,24.0086,Onshore,Non-Acceptable
Northern Territory ,East Mereenie 1,1260,6.1,2.8,0.4,sandstone,Appraisal,131.5642,24.0086,Onshore,Non-Acceptable
Northern Territory ,East Mereenie 1,1260.5,9.5,22,8,sandstone,Appraisal,131.5642,24.0086,Onshore,Non-Acceptable
Northern Territory ,East Mereenie 1,1261,9.1,8.7,4.4,sandstone,Appraisal,131.5642,24.0086,Onshore,Non-Acceptable
Northern Territory ,East Mereenie 1,1261.3,8.5,15,3,sandstone,Appraisal,131.5642,24.0086,Onshore,Non-Acceptable
Northern Territory ,East Mereenie 1,1302.4,10,30,38,sandstone,Appraisal,131.5642,24.0086,Onshore,Non-Acceptable
Northern Territory ,East Mereenie 1,1302.7,9.5,37,11,sandstone,Appraisal,131.5642,24.0086,Onshore,Non-Acceptable
Northern Territory ,East Mereenie 1,1303,11,56,16,sandstone,Appraisal,131.5642,24.0086,Onshore,Non-Acceptable
Northern Territory ,East Mereenie 1,1303.5,11,53,59,sandstone,Appraisal,131.5642,24.0086,Onshore,Non-Acceptable
Northern Territory ,East Mereenie 1,1304.2,7.7,4.7,4,sandstone,Appraisal,131.5642,24.0086,Onshore,Non-Acceptable
Northern Territory ,East Mereenie 1,1304.8,6.9,1.3,0.5,sandstone,Appraisal,131.5642,24.0086,Onshore,Non-Acceptable
Northern Territory ,East Mereenie 1,1306,8,0,0,sandstone,Appraisal,131.5642,24.0086,Onshore,Non-Acceptable
Northern Territory ,East Mereenie 1,1306.7,4.5,0,0,sandstone,Appraisal,131.5642,24.0086,Onshore,Non-Acceptable
Northern Territory ,East Mereenie 1,1307.3,6,0,0,sandstone,Appraisal,131.5642,24.0086,Onshore,Non-Acceptable
Northern Territory ,East Mereenie 1,1308.5,7.6,3.1,1.8,sandstone,Appraisal,131.5642,24.0086,Onshore,Non-Acceptable
Northern Territory ,East Mereenie 1,1309.1,4,1,0,sandstone,Appraisal,131.5642,24.0086,Onshore,Non-Acceptable
Northern Territory ,East Mereenie 1,1310,6,0,0,sandstone,Appraisal,131.5642,24.0086,Onshore,Non-Acceptable
Northern Territory ,East Mereenie 1,1310.4,7,0,0,sandstone,Appraisal,131.5642,24.0086,Onshore,Non-Acceptable
Northern Territory ,East Mereenie 1,1311.2,2.5,0,0,sandstone,Appraisal,131.5642,24.0086,Onshore,Non-Acceptable
Northern Territory ,East Mereenie 1,1368.9,6.5,0,1,sandstone,Appraisal,131.5642,24.0086,Onshore,Non-Acceptable
Northern Territory ,East Mereenie 1,1369.5,8.5,2,0,sandstone,Appraisal,131.5642,24.0086,Onshore,Non-Acceptable
Northern Territory ,East Mereenie 1,1371,8.5,1,0,sandstone,Appraisal,131.5642,24.0086,Onshore,Non-Acceptable
Northern Territory ,East Mereenie 1,1375.6,5.5,0,0,sandstone,Appraisal,131.5642,24.0086,Onshore,Non-Acceptable
Northern Territory ,East Mereenie 1,1376.8,6,0,0,sandstone,Appraisal,131.5642,24.0086,Onshore,Non-Acceptable
Northern Territory ,East Mereenie 1,1379.2,6.5,0,0,sandstone,Appraisal,131.5642,24.0086,Onshore,Non-Acceptable
Northern Territory ,East Mereenie 1,1379.8,10,0,0,sandstone,Appraisal,131.5642,24.0086,Onshore,Non-Acceptable
Northern Territory ,East Mereenie 1,1380.1,0.7,0,0,sandstone,Appraisal,131.5642,24.0086,Onshore,Non-Acceptable
Northern Territory ,East Mereenie 1,1428.7,3,0,0,sandstone,Appraisal,131.5642,24.0086,Onshore,Non-Acceptable
Northern Territory ,East Mereenie 1,1429.5,6.9,9.8,1.4,sandstone,Appraisal,131.5642,24.0086,Onshore,Non-Acceptable
Northern Territory ,East Mereenie 1,1429.7,9.5,16,0,sandstone,Appraisal,131.5642,24.0086,Onshore,Non-Acceptable
Northern Territory ,East Mereenie 1,1430,7.5,0,5,sandstone,Appraisal,131.5642,24.0086,Onshore,Non-Acceptable
Northern Territory ,BMR Tanami East 1,74.1,15,0,0,siltstone,Stratigraphic ,131.3333,19.25,Onshore,Non-Acceptable
Northern Territory ,BMR Tanami East 1,75.6,16,0,0,siltstone,Stratigraphic ,131.3333,19.25,Onshore,Non-Acceptable
Northern Territory ,BMR Tanami East 1,77.4,17,0,0,sandstone,Stratigraphic ,131.3333,19.25,Onshore,Non-Acceptable
Northern Territory ,BMR Tanami East 1,118.9,17,5,12,limestone,Stratigraphic ,131.3333,19.25,Onshore,Non-Acceptable
Northern Territory ,BMR Tanami East 1,119.8,16,3,2,limestone,Stratigraphic ,131.3333,19.25,Onshore,Non-Acceptable
Northern Territory ,BMR Tanami East 1,120.7,18,15,13,limestone,Stratigraphic ,131.3333,19.25,Onshore,Non-Acceptable
Northern Territory ,BMR Tanami East 1,121.9,16,12,3,limestone,Stratigraphic ,131.3333,19.25,Onshore,Non-Acceptable
Northern Territory ,BMR Tanami East 1,688.8,13,0,0,siltstone,Stratigraphic ,131.3333,19.25,Onshore,Non-Acceptable
Queensland,Abercorn 1,165.3,13,0,0,siltstone,Exploration,151.207,25.1319,Onshore,Non-Acceptable
Queensland,Abercorn 1,280.2,5.5,0,0,dolomite,Exploration,151.207,25.1319,Onshore,Non-Acceptable
Queensland,Abercorn 1,373.4,27,0,0,siltstone,Exploration,151.207,25.1319,Onshore,Non-Acceptable
Queensland,Abercorn 1,464.9,9,0,0,sandstone,Exploration,151.207,25.1319,Onshore,Non-Acceptable
Queensland,Abercorn 1,511.5,22.5,1007,655,sandstone,Exploration,151.207,25.1319,Onshore,Acceptable
Queensland,Abercorn 1,581,5,0,0,sandstone,Exploration,151.207,25.1319,Onshore,Non-Acceptable
Queensland,Abercorn 1,784.6,4.5,0,0,sandstone,Exploration,151.207,25.1319,Onshore,Non-Acceptable
Queensland,Abercorn 1,915.4,5.5,0,0,sandstone,Exploration,151.207,25.1319,Onshore,Non-Acceptable
Queensland,Abercorn 1,1060.1,4,0,0,siltstone,Exploration,151.207,25.1319,Onshore,Non-Acceptable
Queensland,Abercorn 1,1213.2,7,0,0,shale,Exploration,151.207,25.1319,Onshore,Non-Acceptable
Queensland,Abercorn 1,1326.5,5,0,0,sandstone,Exploration,151.207,25.1319,Onshore,Non-Acceptable
Queensland,Alton 1,1712.7,11,0,0,sandstone,Exploration,149.3717,27.9383,Onshore,Non-Acceptable
Queensland,Alton 1,1714,14.5,0,0,sandstone,Exploration,149.3717,27.9383,Onshore,Non-Acceptable
Queensland,Alton 1,1861.5,16.5,98,8,sandstone,Exploration,149.3717,27.9383,Onshore,Non-Acceptable
Queensland,Alton 1,1862.7,19,551,258,sandstone,Exploration,149.3717,27.9383,Onshore,Non-Acceptable
Queensland,Alton 1,1864.5,15.5,0,0,sandstone,Exploration,149.3717,27.9383,Onshore,Non-Acceptable
Queensland,Alton 1,1997.8,11,0,0,sandstone,Exploration,149.3717,27.9383,Onshore,Non-Acceptable
Queensland,Alton 1,2084.6,15.5,0,0,sandstone,Exploration,149.3717,27.9383,Onshore,Non-Acceptable
Queensland,Alton 1,2086.4,17.5,5,3,sandstone,Exploration,149.3717,27.9383,Onshore,Non-Acceptable
Queensland,Alton 1,2087,16,4,0,sandstone,Exploration,149.3717,27.9383,Onshore,Non-Acceptable
Queensland,Alton 1,2087.6,15,3,3,sandstone,Exploration,149.3717,27.9383,Onshore,Non-Acceptable
Queensland,Alton 1,2088.8,7,0,0,shale,Exploration,149.3717,27.9383,Onshore,Non-Acceptable
Queensland,Alton 1,2231.2,7,0,0,igneous rock,Exploration,149.3717,27.9383,Onshore,Non-Acceptable
Queensland,BMR Chinchilla 4,39.4,29.3,1221,54,sandstone,Stratigraphic,150.4167,26.0667,Onshore,Acceptable
Queensland,BMR Chinchilla 4,39.4,29.3,1221,54,sandstone,Stratigraphic,150.4167,26.0667,Onshore,Acceptable
Queensland,BMR Chinchilla 4,50.1,31,818,305,sandstone,Stratigraphic,150.4167,26.0667,Onshore,Acceptable
Queensland,BMR Chinchilla 4,50.1,31,818,305,sandstone,Stratigraphic,150.4167,26.0667,Onshore,Acceptable
Queensland,BMR Chinchilla 4,65.6,26.1,818,348,sandstone,Stratigraphic,150.4167,26.0667,Onshore,Acceptable
Queensland,BMR Chinchilla 4,65.6,26.1,527,348,sandstone,Stratigraphic,150.4167,26.0667,Onshore,Acceptable
Queensland,BMR Chinchilla 4,75,29.7,2327,3219,sandstone,Stratigraphic,150.4167,26.0667,Onshore,Acceptable
Queensland,BMR Chinchilla 4,75,29.7,2327,3219,sandstone,Stratigraphic,150.4167,26.0667,Onshore,Acceptable
Queensland,BMR Chinchilla 4,87.3,20.3,147,101,sandstone,Stratigraphic,150.4167,26.0667,Onshore,Acceptable
Queensland,BMR Chinchilla 4,87.3,20.3,147,101,sandstone,Stratigraphic,150.4167,26.0667,Onshore,Acceptable
Queensland,BMR Chinchilla 4,97,25.8,600,720,sandstone,Stratigraphic,150.4167,26.0667,Onshore,Acceptable
Queensland,BMR Chinchilla 4,97,25.8,600,720,sandstone,Stratigraphic,150.4167,26.0667,Onshore,Acceptable
Queensland,BMR Chinchilla 4,105.3,26.8,1305,236,sandstone,Stratigraphic,150.4167,26.0667,Onshore,Acceptable
Queensland,BMR Chinchilla 4,105.3,26.8,1305,236,sandstone,Stratigraphic,150.4167,26.0667,Onshore,Acceptable
Queensland,BMR Chinchilla 4,114.6,28.6,831,740,sandstone,Stratigraphic,150.4167,26.0667,Onshore,Acceptable
Queensland,BMR Chinchilla 4,114.6,28.6,831,740,sandstone,Stratigraphic,150.4167,26.0667,Onshore,Acceptable
Queensland,BMR Chinchilla 4,125.6,27.8,723,320,sandstone,Stratigraphic,150.4167,26.0667,Onshore,Acceptable
Queensland,BMR Chinchilla 4,125.6,27.8,723,320,sandstone,Stratigraphic,150.4167,26.0667,Onshore,Acceptable
Queensland,BMR Chinchilla 4,138.7,30.8,948,1062,sandstone,Stratigraphic,150.4167,26.0667,Onshore,Acceptable
Queensland,BMR Chinchilla 4,138.7,30.8,948,1062,sandstone,Stratigraphic,150.4167,26.0667,Onshore,Acceptable
Queensland,BMR Chinchilla 4,513.3,14.5,22,6.1,sandstone,Stratigraphic,150.4167,26.0667,Onshore,Non-Acceptable
Queensland,BMR Chinchilla 4,513.3,14.5,22,6.1,sandstone,Stratigraphic,150.4167,26.0667,Onshore,Non-Acceptable
Queensland,BMR Chinchilla 4,523,17,35,9.5,sandstone,Stratigraphic,150.4167,26.0667,Onshore,Non-Acceptable
Queensland,BMR Chinchilla 4,523,17,35,9.5,sandstone,Stratigraphic,150.4167,26.0667,Onshore,Non-Acceptable
Queensland,BMR Chinchilla 4,531,19.6,12,9,sandstone,Stratigraphic,150.4167,26.0667,Onshore,Non-Acceptable
Queensland,BMR Chinchilla 4,531,19.6,12,9,sandstone,Stratigraphic,150.4167,26.0667,Onshore,Non-Acceptable
Queensland,BMR Chinchilla 4,539.9,17.3,19,7.1,sandstone,Stratigraphic,150.4167,26.0667,Onshore,Non-Acceptable
Queensland,BMR Chinchilla 4,539.9,17.3,19,7.1,sandstone,Stratigraphic,150.4167,26.0667,Onshore,Non-Acceptable
Queensland,BMR Chinchilla 4,549,12.7,0.2,0.5,sandstone,Stratigraphic,150.4167,26.0667,Onshore,Non-Acceptable
Queensland,BMR Chinchilla 4,549,12.7,0.2,0.5,sandstone,Stratigraphic,150.4167,26.0667,Onshore,Non-Acceptable
Queensland,BMR Chinchilla 4,559.9,17.9,12,1.1,sandstone,Stratigraphic,150.4167,26.0667,Onshore,Non-Acceptable
Queensland,BMR Chinchilla 4,559.9,17.9,12,1.1,sandstone,Stratigraphic,150.4167,26.0667,Onshore,Non-Acceptable
Queensland,BMR Chinchilla 4,571.6,15.5,13,2.5,sandstone,Stratigraphic,150.4167,26.0667,Onshore,Non-Acceptable
Queensland,BMR Chinchilla 4,571.6,15.5,13,2.5,sandstone,Stratigraphic,150.4167,26.0667,Onshore,Non-Acceptable
Queensland,BMR Chinchilla 4,584.3,10.2,1,1.3,sandstone,Stratigraphic,150.4167,26.0667,Onshore,Non-Acceptable
Queensland,BMR Chinchilla 4,584.3,10.2,1,1.3,sandstone,Stratigraphic,150.4167,26.0667,Onshore,Non-Acceptable
Queensland,BMR Chinchilla 4,672.2,14.3,22,4.4,sandstone,Stratigraphic,150.4167,26.0667,Onshore,Non-Acceptable
Queensland,BMR Chinchilla 4,672.2,14.3,22,4.4,sandstone,Stratigraphic,150.4167,26.0667,Onshore,Non-Acceptable
Queensland,BMR Chinchilla 4,681.3,17.2,0.6,0.4,sandstone,Stratigraphic,150.4167,26.0667,Onshore,Non-Acceptable
Queensland,BMR Chinchilla 4,681.3,17.2,0.6,0.4,sandstone,Stratigraphic,150.4167,26.0667,Onshore,Non-Acceptable
Queensland,BMR Chinchilla 4,701.7,20.8,13,11,sandstone,Stratigraphic,150.4167,26.0667,Onshore,Non-Acceptable
Queensland,BMR Chinchilla 4,701.7,20.8,13,11,sandstone,Stratigraphic,150.4167,26.0667,Onshore,Non-Acceptable
Queensland,BMR Chinchilla 4,710.9,23.6,24,26,sandstone,Stratigraphic,150.4167,26.0667,Onshore,Non-Acceptable
Queensland,BMR Chinchilla 4,710.9,23.6,24,26,sandstone,Stratigraphic,150.4167,26.0667,Onshore,Non-Acceptable
Queensland,BMR Chinchilla 4,727.4,15.2,8.2,6,sandstone,Stratigraphic,150.4167,26.0667,Onshore,Non-Acceptable
Queensland,BMR Chinchilla 4,727.4,15.2,8.2,6,sandstone,Stratigraphic,150.4167,26.0667,Onshore,Non-Acceptable
Queensland,BMR Chinchilla 4,792.2,23.5,135,82,sandstone,Stratigraphic,150.4167,26.0667,Onshore,Acceptable
Queensland,BMR Chinchilla 4,792.2,23.5,135,82,sandstone,Stratigraphic,150.4167,26.0667,Onshore,Acceptable
Queensland,BMR Chinchilla 4,799.2,21.2,188,18,sandstone,Stratigraphic,150.4167,26.0667,Onshore,Acceptable
Queensland,BMR Chinchilla 4,799.2,21.2,188,18,sandstone,Stratigraphic,150.4167,26.0667,Onshore,Acceptable
Queensland,BMR Chinchilla 4,806.3,19.6,6662,673,sandstone,Stratigraphic,150.4167,26.0667,Onshore,Non-Acceptable
Queensland,BMR Chinchilla 4,806.5,19.6,6662,673,sandstone,Stratigraphic,150.4167,26.0667,Onshore,Non-Acceptable
Queensland,BMR Chinchilla 4,826.6,25.5,2181,1267,sandstone,Stratigraphic,150.4167,26.0667,Onshore,Acceptable
Queensland,BMR Chinchilla 4,826.6,25.5,2181,1267,sandstone,Stratigraphic,150.4167,26.0667,Onshore,Acceptable
Queensland,BMR Chinchilla 4,866.3,20.6,28,6.5,sandstone,Stratigraphic,150.4167,26.0667,Onshore,Non-Acceptable
Queensland,BMR Chinchilla 4,866.3,20.6,28,6.5,sandstone,Stratigraphic,150.4167,26.0667,Onshore,Non-Acceptable
Queensland,BMR Chinchilla 4,879.1,19.1,1.8,1.7,sandstone,Stratigraphic,150.4167,26.0667,Onshore,Non-Acceptable
Queensland,BMR Chinchilla 4,879.1,19.1,1.8,1.7,sandstone,Stratigraphic,150.4167,26.0667,Onshore,Non-Acceptable
Queensland,BMR Chinchilla 4,888.9,3.3,0,0,sandstone,Stratigraphic,150.4167,26.0667,Onshore,Non-Acceptable
Queensland,BMR Chinchilla 4,888.9,3.3,0,0,sandstone,Stratigraphic,150.4167,26.0667,Onshore,Non-Acceptable
Queensland,BMR Chinchilla 4,965.3,20.3,149,143,sandstone,Stratigraphic,150.4167,26.0667,Onshore,Acceptable
Queensland,BMR Chinchilla 4,965.3,20.3,149,143,sandstone,Stratigraphic,150.4167,26.0667,Onshore,Acceptable
Queensland,BMR Chinchilla 4,973.6,21.8,14,5.6,sandstone,Stratigraphic,150.4167,26.0667,Onshore,Non-Acceptable
Queensland,BMR Chinchilla 4,973.6,21.8,14,5.6,sandstone,Stratigraphic,150.4167,26.0667,Onshore,Non-Acceptable
Queensland,BMR Chinchilla 4,983.4,13.9,0.7,0.8,sandstone,Stratigraphic,150.4167,26.0667,Onshore,Non-Acceptable
Queensland,BMR Chinchilla 4,983.4,13.9,0.7,0.8,sandstone,Stratigraphic,150.4167,26.0667,Onshore,Non-Acceptable
Queensland,BMR Chinchilla 4,991.3,4.3,0,0,sandstone,Stratigraphic,150.4167,26.0667,Onshore,Non-Acceptable
Queensland,BMR Chinchilla 4,991.3,4.3,0,0,sandstone,Stratigraphic,150.4167,26.0667,Onshore,Non-Acceptable
Queensland,BMR Chinchilla 4,1050.2,11.3,0.1,0.1,sandstone,Stratigraphic,150.4167,26.0667,Onshore,Non-Acceptable
Queensland,BMR Chinchilla 4,1050.4,11.3,0.1,0.1,sandstone,Stratigraphic,150.4167,26.0667,Onshore,Non-Acceptable
Queensland,BMR Chinchilla 4,1055.6,17.8,1.2,0.9,sandstone,Stratigraphic,150.4167,26.0667,Onshore,Non-Acceptable
Queensland,BMR Chinchilla 4,1055.6,17.8,1.2,0.9,sandstone,Stratigraphic,150.4167,26.0667,Onshore,Non-Acceptable
Queensland,BMR Chinchilla 4,1064.7,16.3,0.3,0.5,sandstone,Stratigraphic,150.4167,26.0667,Onshore,Non-Acceptable
Queensland,BMR Chinchilla 4,1064.7,16.3,0.3,0.5,sandstone,Stratigraphic,150.4167,26.0667,Onshore,Non-Acceptable
Queensland,BMR Chinchilla 4,1073.9,10.8,0.1,0.1,sandstone,Stratigraphic,150.4167,26.0667,Onshore,Non-Acceptable
Queensland,BMR Chinchilla 4,1073.9,10.8,0.1,0.1,sandstone,Stratigraphic,150.4167,26.0667,Onshore,Non-Acceptable
Queensland,BMR Chinchilla 4,1083,9.8,0.1,0,sandstone,Stratigraphic,150.4167,26.0667,Onshore,Non-Acceptable
Queensland,BMR Chinchilla 4,1083,9.8,0.1,0,sandstone,Stratigraphic,150.4167,26.0667,Onshore,Non-Acceptable
Queensland,BMR Chinchilla 4,1182,22.6,234,82,sandstone,Stratigraphic,150.4167,26.0667,Onshore,Acceptable
Queensland,BMR Chinchilla 4,1182,22.6,234,82,sandstone,Stratigraphic,150.4167,26.0667,Onshore,Acceptable
Queensland,BMR Chinchilla 4,1190.6,22.6,1856,1994,sandstone,Stratigraphic,150.4167,26.0667,Onshore,Acceptable
Queensland,BMR Chinchilla 4,1190.6,22.6,1856,1994,sandstone,Stratigraphic,150.4167,26.0667,Onshore,Acceptable
Queensland,BMR Chinchilla 4,1199.8,18,462,635,sandstone,Stratigraphic,150.4167,26.0667,Onshore,Non-Acceptable
Queensland,BMR Chinchilla 4,1199.8,18,462,635,sandstone,Stratigraphic,150.4167,26.0667,Onshore,Non-Acceptable
Queensland,BMR Chinchilla 4,1208.6,22.8,2037,722,sandstone,Stratigraphic,150.4167,26.0667,Onshore,Acceptable
Queensland,BMR Chinchilla 4,1208.6,22.8,2037,722,sandstone,Stratigraphic,150.4167,26.0667,Onshore,Acceptable
Queensland,BMR Chinchilla 4,1217.1,22.7,3197,2023,sandstone,Stratigraphic,150.4167,26.0667,Onshore,Acceptable
Queensland,BMR Chinchilla 4,1217.1,22.7,3197,2023,sandstone,Stratigraphic,150.4167,26.0667,Onshore,Acceptable
Queensland,BMR Chinchilla 4,1225.3,23.8,4087,5994,sandstone,Stratigraphic,150.4167,26.0667,Onshore,Acceptable
Queensland,BMR Chinchilla 4,1225.3,23.8,4087,5994,sandstone,Stratigraphic,150.4167,26.0667,Onshore,Acceptable
South Australia,Big Lake 5,2863.6,11.1,1.8,0.6,sandstone,Development,140.3158,28.2069,Onshore,Non-Acceptable
South Australia,Big Lake 5,2863.9,6.4,0.8,0.2,sandstone,Development,140.3158,28.2069,Onshore,Non-Acceptable
South Australia,Big Lake 5,2864.5,8,0,0.3,sandstone,Development,140.3158,28.2069,Onshore,Non-Acceptable
South Australia,Big Lake 5,2864.8,5.2,0.8,0.2,sandstone,Development,140.3158,28.2069,Onshore,Non-Acceptable
South Australia,Big Lake 5,2866,5.1,0.1,0.7,sandstone,Development,140.3158,28.2069,Onshore,Non-Acceptable
South Australia,Big Lake 5,2867.3,9.7,1.2,0.4,sandstone,Development,140.3158,28.2069,Onshore,Non-Acceptable
South Australia,Big Lake 5,2867.6,8.9,1.4,0.6,sandstone,Development,140.3158,28.2069,Onshore,Non-Acceptable
South Australia,Big Lake 5,2867.9,9,1.1,0.3,sandstone,Development,140.3158,28.2069,Onshore,Non-Acceptable
South Australia,Big Lake 5,2868.2,8,0.8,0.4,sandstone,Development,140.3158,28.2069,Onshore,Non-Acceptable
South Australia,Big Lake 5,2868.5,7.2,1.7,0.5,sandstone,Development,140.3158,28.2069,Onshore,Non-Acceptable
South Australia,Big Lake 5,2868.8,8.3,0.6,0.2,sandstone,Development,140.3158,28.2069,Onshore,Non-Acceptable
South Australia,Big Lake 5,2869.1,9.2,0.3,0.1,sandstone,Development,140.3158,28.2069,Onshore,Non-Acceptable
South Australia,Big Lake 5,2869.7,6.4,0.2,0.1,sandstone,Development,140.3158,28.2069,Onshore,Non-Acceptable
South Australia,Big Lake 5,2870,7.1,0.2,0.1,sandstone,Development,140.3158,28.2069,Onshore,Non-Acceptable
South Australia,Big Lake 5,2870.6,9.7,0.5,0.3,sandstone,Development,140.3158,28.2069,Onshore,Non-Acceptable
South Australia,Big Lake 5,2870.9,11,0.6,0.3,sandstone,Development,140.3158,28.2069,Onshore,Non-Acceptable
South Australia,Big Lake 5,2871.2,10.5,0.4,0.2,sandstone,Development,140.3158,28.2069,Onshore,Non-Acceptable
South Australia,Big Lake 5,2871.5,10,0.6,0.2,sandstone,Development,140.3158,28.2069,Onshore,Non-Acceptable
South Australia,Big Lake 5,2871.8,7.9,0.7,0.2,sandstone,Development,140.3158,28.2069,Onshore,Non-Acceptable
South Australia,Big Lake 5,2872.4,7.3,0.5,0.1,sandstone,Development,140.3158,28.2069,Onshore,Non-Acceptable
South Australia,Big Lake 5,2872.7,6.1,0.1,0.1,sandstone,Development,140.3158,28.2069,Onshore,Non-Acceptable
South Australia,Big Lake 5,2873,7.1,0.3,0.1,sandstone,Development,140.3158,28.2069,Onshore,Non-Acceptable
South Australia,Big Lake 5,2912.4,7.3,0.7,0.2,sandstone,Development,140.3158,28.2069,Onshore,Non-Acceptable
South Australia,Big Lake 5,2913.9,9.4,0.3,0.1,sandstone,Development,140.3158,28.2069,Onshore,Non-Acceptable
South Australia,Big Lake 5,2915.4,7.2,0.3,0.1,sandstone,Development,140.3158,28.2069,Onshore,Non-Acceptable
South Australia,Big Lake 5,2916.9,7.4,0.6,0.1,sandstone,Development,140.3158,28.2069,Onshore,Non-Acceptable
South Australia,Big Lake 5,2918.2,9.8,0.2,0.2,sandstone,Development,140.3158,28.2069,Onshore,Non-Acceptable
South Australia,Big Lake 5,2919.1,4.4,0.2,0.1,sandstone,Development,140.3158,28.2069,Onshore,Non-Acceptable
South Australia,Brolga 1,2724,10.4,1.2,0.6,sandstone,Exploration,140.0244,27.4267,Onshore,Non-Acceptable
South Australia,Brolga 1,2724.7,11.4,3.7,1.5,sandstone,Exploration,140.0244,27.4267,Onshore,Non-Acceptable
South Australia,Brolga 1,2725.3,13.7,6,2.3,sandstone,Exploration,140.0244,27.4267,Onshore,Non-Acceptable
South Australia,Brolga 1,2824.3,11.1,0,4.1,sandstone,Exploration,140.0244,27.4267,Onshore,Non-Acceptable
South Australia,Brolga 1,2832.3,7,0.2,0.2,sandstone,Exploration,140.0244,27.4267,Onshore,Non-Acceptable
South Australia,Brolga 1,2834.7,10.4,0.5,0.7,sandstone,Exploration,140.0244,27.4267,Onshore,Non-Acceptable
South Australia,Brolga 1,2835.3,13.8,8.6,6,sandstone,Exploration,140.0244,27.4267,Onshore,Non-Acceptable
South Australia,Brolga 1,2835.9,14.2,9.3,9.2,sandstone,Exploration,140.0244,27.4267,Onshore,Non-Acceptable
South Australia,Brolga 1,2836.5,14.3,8.2,4.7,sandstone,Exploration,140.0244,27.4267,Onshore,Non-Acceptable
South Australia,Brolga 1,2837.1,16.6,27,21,sandstone,Exploration,140.0244,27.4267,Onshore,Non-Acceptable
South Australia,Brolga 1,2837.7,14.9,22,13,sandstone,Exploration,140.0244,27.4267,Onshore,Non-Acceptable
South Australia,Brolga 1,2838.3,14.5,20,10,sandstone,Exploration,140.0244,27.4267,Onshore,Non-Acceptable
South Australia,Brolga 1,2838.9,13.8,4.5,4.2,sandstone,Exploration,140.0244,27.4267,Onshore,Non-Acceptable
South Australia,Brolga 1,2839.6,11.3,9.1,7.7,sandstone,Exploration,140.0244,27.4267,Onshore,Non-Acceptable
South Australia,Brolga 1,2840.2,8.6,1.2,0,sandstone,Exploration,140.0244,27.4267,Onshore,Non-Acceptable
South Australia,Brolga 1,2840.8,7,0.4,0.4,sandstone,Exploration,140.0244,27.4267,Onshore,Non-Acceptable
South Australia,Brolga 1,2841.4,9.2,0.4,0,sandstone,Exploration,140.0244,27.4267,Onshore,Non-Acceptable
South Australia,Brolga 1,2842,12,2,1.2,sandstone,Exploration,140.0244,27.4267,Onshore,Non-Acceptable
South Australia,Brolga 1,2847.5,9.4,0.4,0.2,sandstone,Exploration,140.0244,27.4267,Onshore,Non-Acceptable
South Australia,Brolga 1,2848.1,10.4,0.4,0.4,sandstone,Exploration,140.0244,27.4267,Onshore,Non-Acceptable
South Australia,Brolga 1,2849.9,6.5,0.1,0.1,siltstone,Exploration,140.0244,27.4267,Onshore,Non-Acceptable
South Australia,Brolga 1,2906,8.8,0.4,0.3,sandstone,Exploration,140.0244,27.4267,Onshore,Non-Acceptable
South Australia,Brolga 1,2906.6,7.8,0.3,0.2,sandstone,Exploration,140.0244,27.4267,Onshore,Non-Acceptable
South Australia,Brolga 1,2907.2,7.5,0.2,0.3,sandstone,Exploration,140.0244,27.4267,Onshore,Non-Acceptable
South Australia,Brolga 1,2907.8,5.7,0.1,0.1,sandstone,Exploration,140.0244,27.4267,Onshore,Non-Acceptable
South Australia,Brolga 1,2908.4,12.2,1.2,0.8,sandstone,Exploration,140.0244,27.4267,Onshore,Non-Acceptable
South Australia,Brolga 1,2909,9.1,0.7,0.4,sandstone,Exploration,140.0244,27.4267,Onshore,Non-Acceptable
South Australia,Brolga 1,2909.7,9.3,0.8,0.5,sandstone,Exploration,140.0244,27.4267,Onshore,Non-Acceptable
South Australia,Brolga 1,2910.3,9.3,0.5,0.5,sandstone,Exploration,140.0244,27.4267,Onshore,Non-Acceptable
South Australia,Brolga 1,2911.5,9.2,0.3,0.2,sandstone,Exploration,140.0244,27.4267,Onshore,Non-Acceptable
South Australia,Brolga 1,2911.6,3.4,0.6,0,sandstone,Exploration,140.0244,27.4267,Onshore,Non-Acceptable
South Australia,Brolga 1,2912.1,0.9,5.7,0.1,shale,Exploration,140.0244,27.4267,Onshore,Non-Acceptable
South Australia,Brolga 1,2912.7,6.6,0.6,0.1,sandstone,Exploration,140.0244,27.4267,Onshore,Non-Acceptable
South Australia,Brolga 1,2913.3,5,0.1,0,sandstone,Exploration,140.0244,27.4267,Onshore,Non-Acceptable
South Australia,Brolga 1,2918.8,8.6,0.2,0.2,sandstone,Exploration,140.0244,27.4267,Onshore,Non-Acceptable
South Australia,Brolga 1,2919.4,10.1,0.4,0.2,sandstone,Exploration,140.0244,27.4267,Onshore,Non-Acceptable
South Australia,Brolga 1,2920,12.2,2.7,2.5,sandstone,Exploration,140.0244,27.4267,Onshore,Non-Acceptable
South Australia,Brolga 1,2920.6,11.4,1.1,0,sandstone,Exploration,140.0244,27.4267,Onshore,Non-Acceptable
South Australia,Brolga 1,2921.3,8.6,0.4,0.1,sandstone,Exploration,140.0244,27.4267,Onshore,Non-Acceptable
South Australia,Brolga 1,2921.9,11.5,1,0.9,sandstone,Exploration,140.0244,27.4267,Onshore,Non-Acceptable
South Australia,Brolga 1,2922.5,10.9,1,1.1,sandstone,Exploration,140.0244,27.4267,Onshore,Non-Acceptable
South Australia,Brolga 1,2928,6.2,0.1,0.1,siltstone,Exploration,140.0244,27.4267,Onshore,Non-Acceptable
South Australia,Brolga 1,2928.6,9,8.3,0.2,sandstone,Exploration,140.0244,27.4267,Onshore,Non-Acceptable
South Australia,Brolga 1,2929.2,10.3,2.8,0.6,sandstone,Exploration,140.0244,27.4267,Onshore,Non-Acceptable
South Australia,Brolga 1,2929.8,10.4,0.7,0,sandstone,Exploration,140.0244,27.4267,Onshore,Non-Acceptable
South Australia,Brolga 1,2930.4,8.5,0.2,0,sandstone,Exploration,140.0244,27.4267,Onshore,Non-Acceptable
South Australia,Brolga 1,2931,8.2,1.1,0,sandstone,Exploration,140.0244,27.4267,Onshore,Non-Acceptable
South Australia,Brolga 1,2931.6,8.2,0.3,0.3,sandstone,Exploration,140.0244,27.4267,Onshore,Non-Acceptable
South Australia,Brolga 1,2932.2,12.5,2.3,0.9,sandstone,Exploration,140.0244,27.4267,Onshore,Non-Acceptable
South Australia,Brolga 1,2934.1,11.1,1.3,0.5,sandstone,Exploration,140.0244,27.4267,Onshore,Non-Acceptable
South Australia,Brolga 1,2934.7,9.4,1.3,0,sandstone,Exploration,140.0244,27.4267,Onshore,Non-Acceptable
South Australia,Brolga 1,2939.2,7.7,25,0.3,sandstone,Exploration,140.0244,27.4267,Onshore,Non-Acceptable
South Australia,Brolga 1,2939.8,12.5,51,2.3,sandstone,Exploration,140.0244,27.4267,Onshore,Non-Acceptable
South Australia,Brolga 1,2940.4,9.7,0.5,0.8,sandstone,Exploration,140.0244,27.4267,Onshore,Non-Acceptable
South Australia,Brolga 1,2941.1,11,4.9,1.1,sandstone,Exploration,140.0244,27.4267,Onshore,Non-Acceptable
South Australia,Brolga 1,2941.7,10.4,0.6,0.9,sandstone,Exploration,140.0244,27.4267,Onshore,Non-Acceptable
South Australia,Brolga 1,2942.3,10.8,2.6,1.2,sandstone,Exploration,140.0244,27.4267,Onshore,Non-Acceptable
South Australia,Brolga 1,2942.9,11.4,2,1.2,sandstone,Exploration,140.0244,27.4267,Onshore,Non-Acceptable
South Australia,Brolga 1,2943.5,12.2,12,2.6,sandstone,Exploration,140.0244,27.4267,Onshore,Non-Acceptable
South Australia,Brolga 1,2944.1,10.1,0.9,0.6,sandstone,Exploration,140.0244,27.4267,Onshore,Non-Acceptable
South Australia,Brolga 1,2944.7,2.8,0.1,0.1,sandstone,Exploration,140.0244,27.4267,Onshore,Non-Acceptable
South Australia,Brolga 1,2945.3,7.1,0.4,0.2,sandstone,Exploration,140.0244,27.4267,Onshore,Non-Acceptable
South Australia,Brolga 1,2945.9,7.9,0.3,0.1,sandstone,Exploration,140.0244,27.4267,Onshore,Non-Acceptable
South Australia,Brolga 1,2946.6,8.5,0.3,0.2,sandstone,Exploration,140.0244,27.4267,Onshore,Non-Acceptable
South Australia,Kanowana 1,2716.6,8.7,0.3,0.2,sandstone,Exploration,139.9783,27.7991,Onshore,Non-Acceptable
South Australia,Kanowana 1,2718.6,5.5,0.5,0.5,sandstone,Exploration,139.9783,27.7991,Onshore,Non-Acceptable
South Australia,Kanowana 1,2751.4,5.7,0.1,0.1,sandstone,Exploration,139.9783,27.7991,Onshore,Non-Acceptable
South Australia,Kanowana 1,2754.1,6.1,0.1,0.1,sandstone,Exploration,139.9783,27.7991,Onshore,Non-Acceptable
South Australia,Kanowana 1,2832.7,6.3,0.3,0.3,sandstone,Exploration,139.9783,27.7991,Onshore,Non-Acceptable
South Australia,Kanowana 1,2835.5,4.5,0.2,0.1,sandstone,Exploration,139.9783,27.7991,Onshore,Non-Acceptable
South Australia,Kanowana 1,2837.9,10.9,5,2.6,sandstone,Exploration,139.9783,27.7991,Onshore,Non-Acceptable
South Australia,Kanowana 1,2839.6,9.9,0.5,0.4,sandstone,Exploration,139.9783,27.7991,Onshore,Non-Acceptable
South Australia,Kanowana 1,2841.9,12.4,2,2.2,sandstone,Exploration,139.9783,27.7991,Onshore,Non-Acceptable
South Australia,Kanowana 1,2844,10.9,1.8,1.6,sandstone,Exploration,139.9783,27.7991,Onshore,Non-Acceptable
South Australia,Kanowana 1,2845.8,11.4,1.2,1.1,sandstone,Exploration,139.9783,27.7991,Onshore,Non-Acceptable
South Australia,Kanowana 1,2847.6,12.2,7,3,sandstone,Exploration,139.9783,27.7991,Onshore,Non-Acceptable
South Australia,Kanowana 1,2849.4,12.3,5.2,3.5,sandstone,Exploration,139.9783,27.7991,Onshore,Non-Acceptable
South Australia,Kanowana 1,3042.7,3.9,0.1,0.1,sandstone,Exploration,139.9783,27.7991,Onshore,Non-Acceptable
South Australia,Kanowana 1,3045.8,3.4,0.1,0.1,sandstone,Exploration,139.9783,27.7991,Onshore,Non-Acceptable
South Australia,Kanowana 1,3047.5,1.4,0.1,0.1,siltstone,Exploration,139.9783,27.7991,Onshore,Non-Acceptable
South Australia,Kanowana 1,3049.4,7.8,0.1,0,siltstone,Exploration,139.9783,27.7991,Onshore,Non-Acceptable
South Australia,Kanowana 1,3051.1,5,3.2,0,sandstone,Exploration,139.9783,27.7991,Onshore,Non-Acceptable
South Australia,Kanowana 1,3058.4,7.4,0.1,0,sandstone,Exploration,139.9783,27.7991,Onshore,Non-Acceptable
South Australia,Kanowana 1,3062,10.9,0.5,0,sandstone,Exploration,139.9783,27.7991,Onshore,Non-Acceptable
South Australia,Kanowana 1,3064,9.4,0.4,0,sandstone,Exploration,139.9783,27.7991,Onshore,Non-Acceptable
South Australia,Kanowana 1,3065.7,8.1,0.5,0.3,sandstone,Exploration,139.9783,27.7991,Onshore,Non-Acceptable
South Australia,Kanowana 1,3067.3,9.5,0.7,0.5,sandstone,Exploration,139.9783,27.7991,Onshore,Non-Acceptable
South Australia,Kanowana 1,3069,8.3,1,0.6,sandstone,Exploration,139.9783,27.7991,Onshore,Non-Acceptable
South Australia,Kanowana 1,3070.9,9.6,0.3,0.3,sandstone,Exploration,139.9783,27.7991,Onshore,Non-Acceptable
South Australia,Kanowana 1,3072.6,9.8,0.9,0.6,sandstone,Exploration,139.9783,27.7991,Onshore,Non-Acceptable
South Australia,Kanowana 1,3074.5,10.6,1,0.8,sandstone,Exploration,139.9783,27.7991,Onshore,Non-Acceptable
South Australia,Kanowana 1,3078,11.3,1,0.8,sandstone,Exploration,139.9783,27.7991,Onshore,Non-Acceptable
South Australia,Kanowana 1,3080.2,10.7,1.2,0.8,sandstone,Exploration,139.9783,27.7991,Onshore,Non-Acceptable
South Australia,Kanowana 1,3082.1,10.7,1,0,sandstone,Exploration,139.9783,27.7991,Onshore,Non-Acceptable
South Australia,Kanowana 1,3085.1,12.6,2.6,0.9,sandstone,Exploration,139.9783,27.7991,Onshore,Non-Acceptable
South Australia,Kanowana 1,3086.6,11.8,0,1.2,sandstone,Exploration,139.9783,27.7991,Onshore,Non-Acceptable
South Australia,Kanowana 1,3088.4,11.6,2.2,0.9,sandstone,Exploration,139.9783,27.7991,Onshore,Non-Acceptable
South Australia,Kanowana 1,3090.4,12.1,2.2,1.4,sandstone,Exploration,139.9783,27.7991,Onshore,Non-Acceptable
South Australia,Kanowana 1,3092.3,10.7,0.3,0.2,sandstone,Exploration,139.9783,27.7991,Onshore,Non-Acceptable
Tasmania,Aroo 1,2900.5,17.6,2,0.9,sandstone,Exploration,145.4467,39.7918,Offshore,Non-Acceptable
Tasmania,Aroo 1,2902,18.6,0.8,2.3,sandstone,Exploration,145.4467,39.7918,Offshore,Non-Acceptable
Tasmania,Aroo 1,2902.9,21.2,14,11,sandstone,Exploration,145.4467,39.7918,Offshore,Non-Acceptable
Tasmania,Aroo 1,2904.7,20.8,53,113,sandstone,Exploration,145.4467,39.7918,Offshore,Non-Acceptable
Tasmania,Aroo 1,2909,17.3,0.8,0.6,sandstone,Exploration,145.4467,39.7918,Offshore,Non-Acceptable
Tasmania,Aroo 1,2909.6,11.7,0.1,0.3,sandstone,Exploration,145.4467,39.7918,Offshore,Non-Acceptable
Tasmania,Aroo 1,2911.4,14.3,0.2,0.2,sandstone,Exploration,145.4467,39.7918,Offshore,Non-Acceptable
Tasmania,Aroo 1,2914.2,1.1,0.1,0.1,shale,Exploration,145.4467,39.7918,Offshore,Non-Acceptable
Tasmania,Aroo 1,3592.1,8.1,0.1,0.1,volcanic rock,Exploration,145.4467,39.7918,Offshore,Non-Acceptable
Tasmania,Bass 3,1527,21,9,0,shale,Exploration,145.2825,39.9975,Offshore,Non-Acceptable
Tasmania,Bass 3,1528,19,41,0,shale,Exploration,145.2825,39.9975,Offshore,Non-Acceptable
Tasmania,Bass 3,1529.8,18,18,0,shale,Exploration,145.2825,39.9975,Offshore,Non-Acceptable
Tasmania,Bass 3,1532.3,20,27,0,shale,Exploration,145.2825,39.9975,Offshore,Non-Acceptable
Tasmania,Bass 3,1620.6,20,1,0,sandstone,Exploration,145.2825,39.9975,Offshore,Non-Acceptable
Tasmania,Bass 3,1621,21,20,0,sandstone,Exploration,145.2825,39.9975,Offshore,Non-Acceptable
Tasmania,Bass 3,1621.3,23,20,0,sandstone,Exploration,145.2825,39.9975,Offshore,Non-Acceptable
Tasmania,Bass 3,1622.1,27,130,0,sandstone,Exploration,145.2825,39.9975,Offshore,Acceptable
Tasmania,Bass 3,1622.3,23,30,0,sandstone,Exploration,145.2825,39.9975,Offshore,Non-Acceptable
Tasmania,Bass 3,1622.4,25,61,0,sandstone,Exploration,145.2825,39.9975,Offshore,Non-Acceptable
Tasmania,Bass 3,1622.5,22,16,0,sandstone,Exploration,145.2825,39.9975,Offshore,Non-Acceptable
Tasmania,Bass 3,1622.7,27,129,0,sandstone,Exploration,145.2825,39.9975,Offshore,Acceptable
Tasmania,Bass 3,1624.8,26,39,0,sandstone,Exploration,145.2825,39.9975,Offshore,Non-Acceptable
Tasmania,Bass 3,1713.4,21,11,0,sandstone,Exploration,145.2825,39.9975,Offshore,Non-Acceptable
Tasmania,Bass 3,1715.6,21,10,0,sandstone,Exploration,145.2825,39.9975,Offshore,Non-Acceptable
Tasmania,Bass 3,1717,16,0,0,sandstone,Exploration,145.2825,39.9975,Offshore,Non-Acceptable
Tasmania,Bass 3,1718,27,58,0,sandstone,Exploration,145.2825,39.9975,Offshore,Non-Acceptable
Tasmania,Bass 3,1718.9,27,76,0,sandstone,Exploration,145.2825,39.9975,Offshore,Non-Acceptable
Tasmania,Bass 3,1719.2,23,31,0,sandstone,Exploration,145.2825,39.9975,Offshore,Non-Acceptable
Tasmania,Bass 3,1719.7,25,50,0,sandstone,Exploration,145.2825,39.9975,Offshore,Non-Acceptable
Tasmania,Bass 3,1800.7,9,0,0,sandstone,Exploration,145.2825,39.9975,Offshore,Non-Acceptable
Tasmania,Bass 3,1802,7,0,0,sandstone,Exploration,145.2825,39.9975,Offshore,Non-Acceptable
Tasmania,Bass 3,1802.5,13,0,0,sandstone,Exploration,145.2825,39.9975,Offshore,Non-Acceptable
Tasmania,Bass 3,1804,9,0,0,sandstone,Exploration,145.2825,39.9975,Offshore,Non-Acceptable
Tasmania,Bass 3,2104.4,7,0,0,siltstone,Exploration,145.2825,39.9975,Offshore,Non-Acceptable
Tasmania,Bass 3,2106.3,15,2,0,shale,Exploration,145.2825,39.9975,Offshore,Non-Acceptable
Tasmania,Bass 3,2107.2,10,0,0,siltstone,Exploration,145.2825,39.9975,Offshore,Non-Acceptable
Tasmania,Bass 3,2108.2,8,0,0,siltstone,Exploration,145.2825,39.9975,Offshore,Non-Acceptable
Tasmania,Bass 3,2109.4,6,0,0,siltstone,Exploration,145.2825,39.9975,Offshore,Non-Acceptable
Tasmania,Bass 3,2110.7,7,0,0,shale,Exploration,145.2825,39.9975,Offshore,Non-Acceptable
Tasmania,Bass 3,2111.7,16,33,0,sandstone,Exploration,145.2825,39.9975,Offshore,Non-Acceptable
Tasmania,Bass 3,2112.4,17,68,0,sandstone,Exploration,145.2825,39.9975,Offshore,Non-Acceptable
Tasmania,Bass 3,2113,7,2,0,shale,Exploration,145.2825,39.9975,Offshore,Non-Acceptable
Tasmania,Bass 3,2266.1,10,0,0,shale,Exploration,145.2825,39.9975,Offshore,Non-Acceptable
Tasmania,Bass 3,2268.3,14,25,0,sandstone,Exploration,145.2825,39.9975,Offshore,Non-Acceptable
Tasmania,Bass 3,2269.4,8,0,0,shale,Exploration,145.2825,39.9975,Offshore,Non-Acceptable
Tasmania,Bass 3,2270.5,7,0,0,shale,Exploration,145.2825,39.9975,Offshore,Non-Acceptable
Tasmania,Bass 3,2271.4,8,0,0,sandstone,Exploration,145.2825,39.9975,Offshore,Non-Acceptable
Tasmania,Bass 3,2410,24,200,0,metamorphic rock,Exploration,145.2825,39.9975,Offshore,Acceptable
Tasmania,Bass 3,2430.8,1,0,0,metamorphic rock,Exploration,145.2825,39.9975,Offshore,Non-Acceptable
Tasmania,Cormorant 1,1162.9,5.3,0.1,0.1,shale,Exploration,145.5266,39.573,Offshore,Non-Acceptable
Tasmania,Cormorant 1,1301.8,8.9,0.1,0.1,siltstone,Exploration,145.5266,39.573,Offshore,Non-Acceptable
Tasmania,Cormorant 1,1307.7,1.5,0.1,0.1,sandstone,Exploration,145.5266,39.573,Offshore,Non-Acceptable
Tasmania,Cormorant 1,1506.1,21.7,1.2,0.3,sandstone,Exploration,145.5266,39.573,Offshore,Non-Acceptable
Tasmania,Cormorant 1,1508.7,18.8,1.5,0.1,sandstone,Exploration,145.5266,39.573,Offshore,Non-Acceptable
Tasmania,Cormorant 1,1512.8,12.9,0.2,0.1,sandstone,Exploration,145.5266,39.573,Offshore,Non-Acceptable
Tasmania,Cormorant 1,1518.9,13.9,3.3,5.1,sandstone,Exploration,145.5266,39.573,Offshore,Non-Acceptable
Tasmania,Cormorant 1,1681.6,18.2,0.6,0.1,sandstone,Exploration,145.5266,39.573,Offshore,Non-Acceptable
Tasmania,Cormorant 1,1683.9,18.2,2.2,0.1,siltstone,Exploration,145.5266,39.573,Offshore,Non-Acceptable
Tasmania,Cormorant 1,1688,4.6,0.1,0.1,sandstone,Exploration,145.5266,39.573,Offshore,Non-Acceptable
Tasmania,Cormorant 1,1827.3,16.8,3.1,0.1,sandstone,Exploration,145.5266,39.573,Offshore,Non-Acceptable
Tasmania,Cormorant 1,1830,27.7,65,39,sandstone,Exploration,145.5266,39.573,Offshore,Non-Acceptable
Tasmania,Cormorant 1,1830.4,26.2,86,44,sandstone,Exploration,145.5266,39.573,Offshore,Non-Acceptable
Tasmania,Cormorant 1,1833.2,21.8,7.1,14,sandstone,Exploration,145.5266,39.573,Offshore,Non-Acceptable
Tasmania,Cormorant 1,1995.9,5.2,0.1,0.1,claystone,Exploration,145.5266,39.573,Offshore,Non-Acceptable
Tasmania,Cormorant 1,2224.2,12.2,0.5,0.1,sandstone,Exploration,145.5266,39.573,Offshore,Non-Acceptable
Tasmania,Cormorant 1,2225.5,7.4,0.4,0.6,sandstone,Exploration,145.5266,39.573,Offshore,Non-Acceptable
Tasmania,Cormorant 1,2228.9,13.1,1.1,0.1,sandstone,Exploration,145.5266,39.573,Offshore,Non-Acceptable
Tasmania,Cormorant 1,2230,13,0.3,0.2,sandstone,Exploration,145.5266,39.573,Offshore,Non-Acceptable
Tasmania,Cormorant 1,2647.5,14.5,1.5,0.7,sandstone,Exploration,145.5266,39.573,Offshore,Non-Acceptable
Tasmania,Cormorant 1,2775.1,14.5,1.4,0.6,sandstone,Exploration,145.5266,39.573,Offshore,Non-Acceptable
Tasmania,Cormorant 1,2777.2,13.3,0.6,0.3,sandstone,Exploration,145.5266,39.573,Offshore,Non-Acceptable
Tasmania,Cormorant 1,2778.1,13.7,0.7,0.4,sandstone,Exploration,145.5266,39.573,Offshore,Non-Acceptable
Tasmania,Cormorant 1,2779.5,14,0,0.2,sandstone,Exploration,145.5266,39.573,Offshore,Non-Acceptable
Victoria,Kingfish 4,2263,10.9,0.1,0.1,siltstone,Exploration,148.0969,38.5987,Offshore,Non-Acceptable
Victoria,Kingfish 4,2264.1,23.1,133,162,sandstone,Exploration,148.0969,38.5987,Offshore,Acceptable
Victoria,Kingfish 4,2264.5,10.5,0.3,0.1,sandstone,Exploration,148.0969,38.5987,Offshore,Non-Acceptable
Victoria,Kingfish 4,2265.4,14.8,0.1,0,sandstone,Exploration,148.0969,38.5987,Offshore,Non-Acceptable
Victoria,Kingfish 4,2268.6,18,2.9,0,siltstone,Exploration,148.0969,38.5987,Offshore,Non-Acceptable
Victoria,Kingfish 4,2269.8,26.1,30,0,sandstone,Exploration,148.0969,38.5987,Offshore,Non-Acceptable
Victoria,Kingfish 4,2271.8,15.9,3.3,1.4,sandstone,Exploration,148.0969,38.5987,Offshore,Non-Acceptable
Victoria,Kingfish 4,2273.4,16.1,3.1,2.4,sandstone,Exploration,148.0969,38.5987,Offshore,Non-Acceptable
Victoria,Kingfish 4,2274.6,9.8,0.7,0.1,sandstone,Exploration,148.0969,38.5987,Offshore,Non-Acceptable
Victoria,Kingfish 4,2276.4,16.4,3.5,2.1,sandstone,Exploration,148.0969,38.5987,Offshore,Non-Acceptable
Victoria,Kingfish 4,2277.2,15.8,7.5,0,sandstone,Exploration,148.0969,38.5987,Offshore,Non-Acceptable
Victoria,Kingfish 4,2278.4,9,5.4,1,sandstone,Exploration,148.0969,38.5987,Offshore,Non-Acceptable
Victoria,Kingfish 4,2279.7,6.4,0.4,0.1,sandstone,Exploration,148.0969,38.5987,Offshore,Non-Acceptable
Victoria,Kingfish 4,2280.5,21.4,0.1,0.1,siltstone,Exploration,148.0969,38.5987,Offshore,Non-Acceptable
Victoria,Kingfish 4,2282.3,26.4,59,12,sandstone,Exploration,148.0969,38.5987,Offshore,Non-Acceptable
Victoria,Kingfish 4,2283.9,26.2,0,30,sandstone,Exploration,148.0969,38.5987,Offshore,Non-Acceptable
Victoria,Kingfish 4,2285.1,20.2,41,69,sandstone,Exploration,148.0969,38.5987,Offshore,Non-Acceptable
Victoria,Kingfish 4,2286,20.1,45,18,sandstone,Exploration,148.0969,38.5987,Offshore,Non-Acceptable
Victoria,Kingfish 4,2287.6,19.1,15,5.6,sandstone,Exploration,148.0969,38.5987,Offshore,Non-Acceptable
Victoria,Kingfish 4,2288.7,19.5,6.7,1.2,sandstone,Exploration,148.0969,38.5987,Offshore,Non-Acceptable
Victoria,Kingfish 4,2289.8,17,0.3,5.8,sandstone,Exploration,148.0969,38.5987,Offshore,Non-Acceptable
Victoria,Kingfish 4,2290.6,20.4,43,18,sandstone,Exploration,148.0969,38.5987,Offshore,Non-Acceptable
Victoria,Kingfish 4,2292.2,16.7,21,1.8,sandstone,Exploration,148.0969,38.5987,Offshore,Non-Acceptable
Victoria,Kingfish 4,2295.6,15.9,14,1.4,sandstone,Exploration,148.0969,38.5987,Offshore,Non-Acceptable
Victoria,Kingfish 4,2296.5,19.4,4.6,20,sandstone,Exploration,148.0969,38.5987,Offshore,Non-Acceptable
Victoria,Kingfish 4,2298.2,9.9,0.5,0.1,siltstone,Exploration,148.0969,38.5987,Offshore,Non-Acceptable
Victoria,Kingfish 4,2299.3,15.5,6.7,0.2,sandstone,Exploration,148.0969,38.5987,Offshore,Non-Acceptable
Victoria,Kingfish 4,2300.1,10.9,0.1,0.1,siltstone,Exploration,148.0969,38.5987,Offshore,Non-Acceptable
Victoria,Kingfish 4,2303.4,21.9,590,86,sandstone,Exploration,148.0969,38.5987,Offshore,Acceptable
Victoria,Kingfish 4,2305.2,24.2,770,606,sandstone,Exploration,148.0969,38.5987,Offshore,Acceptable
Victoria,Kingfish 4,2306.9,10.5,3.1,0.1,siltstone,Exploration,148.0969,38.5987,Offshore,Non-Acceptable
Victoria,Kingfish 4,2307.5,11.2,0.1,4.6,siltstone,Exploration,148.0969,38.5987,Offshore,Non-Acceptable
Victoria,Kingfish 4,2308.8,25,1650,344,sandstone,Exploration,148.0969,38.5987,Offshore,Acceptable
Victoria,Kingfish 4,2310.3,18.4,78,9.3,sandstone,Exploration,148.0969,38.5987,Offshore,Non-Acceptable
Victoria,Kingfish 4,2311.6,19.9,173,171,sandstone,Exploration,148.0969,38.5987,Offshore,Non-Acceptable
Victoria,Kingfish 4,2313.1,15.5,112,11,sandstone,Exploration,148.0969,38.5987,Offshore,Non-Acceptable
Victoria,Kingfish 4,2314.4,22.7,236,67,sandstone,Exploration,148.0969,38.5987,Offshore,Acceptable
Victoria,Kingfish 4,2315.8,20.5,94,23,sandstone,Exploration,148.0969,38.5987,Offshore,Non-Acceptable
Victoria,Kingfish 4,2318.1,12.7,0,0.1,shale,Exploration,148.0969,38.5987,Offshore,Non-Acceptable
Victoria,Kingfish 4,2319.6,22.4,181,1.8,sandstone,Exploration,148.0969,38.5987,Offshore,Acceptable
Victoria,Kingfish 4,2930.5,10.5,0.1,0,shale,Exploration,148.0969,38.5987,Offshore,Non-Acceptable
Victoria,Kingfish 4,2932.1,11,0.1,0,siltstone,Exploration,148.0969,38.5987,Offshore,Non-Acceptable
Victoria,Mackerel 1A,2453.2,15.6,287,0,sandstone,Development,148.3417,38.4808,Offshore,Non-Acceptable
Victoria,Mackerel 1A,2453.7,23.1,746,0,sandstone,Development,148.3417,38.4808,Offshore,Acceptable
Victoria,Mackerel 1A,2454.4,19.4,543,0,sandstone,Development,148.3417,38.4808,Offshore,Non-Acceptable
Victoria,Mackerel 1A,2456,21.6,505,471,sandstone,Development,148.3417,38.4808,Offshore,Acceptable
Victoria,Mackerel 1A,2456.5,17.3,86,0,sandstone,Development,148.3417,38.4808,Offshore,Non-Acceptable
Victoria,Mackerel 1A,2457.3,22.6,1605,0,sandstone,Development,148.3417,38.4808,Offshore,Acceptable
Victoria,Mackerel 1A,2458.5,20.8,536,0,sandstone,Development,148.3417,38.4808,Offshore,Acceptable
Victoria,Mackerel 1A,2465.1,18.3,101,45,sandstone,Development,148.3417,38.4808,Offshore,Non-Acceptable
Victoria,Mackerel 1A,2467,14.3,6.8,0,sandstone,Development,148.3417,38.4808,Offshore,Non-Acceptable
Victoria,Mackerel 1A,2472.7,19.9,141,0,sandstone,Development,148.3417,38.4808,Offshore,Non-Acceptable
Victoria,Mackerel 1A,2476.2,21.1,747,0,sandstone,Development,148.3417,38.4808,Offshore,Acceptable
Victoria,Mackerel 1A,2479,9,1,0,sandstone,Development,148.3417,38.4808,Offshore,Non-Acceptable
Victoria,Mackerel 1A,2481.4,19.1,118,0,sandstone,Development,148.3417,38.4808,Offshore,Non-Acceptable
Victoria,Mackerel 1A,2484.3,21.8,325,0,sandstone,Development,148.3417,38.4808,Offshore,Acceptable
Victoria,Mackerel 1A,2485.8,24.3,953,0,sandstone,Development,148.3417,38.4808,Offshore,Acceptable
Victoria,Mackerel 1A,2487.5,18.5,1063,0,sandstone,Development,148.3417,38.4808,Offshore,Non-Acceptable
Victoria,Mackerel 1A,2493.7,19,1048,0,sandstone,Development,148.3417,38.4808,Offshore,Non-Acceptable
Victoria,Mackerel 1A,2496.8,18.8,585,0,sandstone,Development,148.3417,38.4808,Offshore,Non-Acceptable
Victoria,Mackerel 1A,2498.1,16.3,137,0,sandstone,Development,148.3417,38.4808,Offshore,Non-Acceptable
Victoria,Mackerel 1A,2503.9,16.3,50,0,sandstone,Development,148.3417,38.4808,Offshore,Non-Acceptable
Victoria,Mackerel 1A,2507.6,15.1,68,0,sandstone,Development,148.3417,38.4808,Offshore,Non-Acceptable
Victoria,Mackerel 1A,2509.9,14.4,46,0,sandstone,Development,148.3417,38.4808,Offshore,Non-Acceptable
Victoria,Mackerel 1A,2511.6,18.5,152,0,sandstone,Development,148.3417,38.4808,Offshore,Non-Acceptable
Victoria,Mackerel 1A,2514.5,19.8,121,0,sandstone,Development,148.3417,38.4808,Offshore,Non-Acceptable
Victoria,Mackerel 1A,2520.3,19.7,121,0,sandstone,Development,148.3417,38.4808,Offshore,Non-Acceptable
Victoria,Mackerel 1A,2521.2,19.6,162,0,sandstone,Development,148.3417,38.4808,Offshore,Non-Acceptable
Victoria,Mackerel 1A,2523.6,11.2,0.4,0,sandstone,Development,148.3417,38.4808,Offshore,Non-Acceptable
Victoria,Mackerel 1A,2526,14.7,16,0,sandstone,Development,148.3417,38.4808,Offshore,Non-Acceptable
Victoria,Snapper 1,1246.8,13.7,3.5,0.1,shale,Exploration,148.0136,38.2008,Offshore,Non-Acceptable
Victoria,Snapper 1,1250.1,16.2,0,21.1,shale,Exploration,148.0136,38.2008,Offshore,Non-Acceptable
Victoria,Snapper 1,1256.2,14.1,0.6,18,siltstone,Exploration,148.0136,38.2008,Offshore,Non-Acceptable
Victoria,Snapper 1,1258.7,12.1,0,0.1,shale,Exploration,148.0136,38.2008,Offshore,Non-Acceptable
Victoria,Snapper 1,1264.8,14.2,5.1,0.1,claystone,Exploration,148.0136,38.2008,Offshore,Non-Acceptable
Victoria,Snapper 1,1269,15.1,0,0.6,claystone,Exploration,148.0136,38.2008,Offshore,Non-Acceptable
Victoria,Snapper 1,1289.8,16.3,5.7,0.4,sandstone,Exploration,148.0136,38.2008,Offshore,Non-Acceptable
Victoria,Snapper 1,1293.1,23,169,1.2,sandstone,Exploration,148.0136,38.2008,Offshore,Acceptable
Victoria,Snapper 1,1296.2,12.3,14.4,0.1,shale,Exploration,148.0136,38.2008,Offshore,Non-Acceptable
Victoria,Snapper 1,1298,16.9,10.3,0.5,sandstone,Exploration,148.0136,38.2008,Offshore,Non-Acceptable
Victoria,Snapper 1,1301.3,15.3,0,0.1,shale,Exploration,148.0136,38.2008,Offshore,Non-Acceptable
Victoria,Snapper 1,1321.5,7.6,0,0.1,shale,Exploration,148.0136,38.2008,Offshore,Non-Acceptable
Victoria,Snapper 1,1325.1,16.4,0.2,0.1,sandstone,Exploration,148.0136,38.2008,Offshore,Non-Acceptable
Victoria,Snapper 1,1326.6,19.4,3.9,0.1,shale,Exploration,148.0136,38.2008,Offshore,Non-Acceptable
Victoria,Snapper 1,1334,16.4,0,0.1,claystone,Exploration,148.0136,38.2008,Offshore,Non-Acceptable
Victoria,Snapper 1,1337,7,0,0.1,claystone,Exploration,148.0136,38.2008,Offshore,Non-Acceptable
Victoria,Snapper 1,1338.8,20.2,0,0.3,sandstone,Exploration,148.0136,38.2008,Offshore,Non-Acceptable
Victoria,Snapper 1,1356.5,14.4,0,0.1,siltstone,Exploration,148.0136,38.2008,Offshore,Non-Acceptable
Victoria,Snapper 1,1359.3,17.2,7,0.1,siltstone,Exploration,148.0136,38.2008,Offshore,Non-Acceptable
Victoria,Snapper 1,1372.4,14.1,78.5,2.2,shale,Exploration,148.0136,38.2008,Offshore,Non-Acceptable
Victoria,Snapper 1,1374.2,29.4,2639,762,sandstone,Exploration,148.0136,38.2008,Offshore,Acceptable
Victoria,Snapper 1,1377.8,13.4,226,0.1,shale,Exploration,148.0136,38.2008,Offshore,Non-Acceptable
Victoria,Snapper 1,1386.7,26.4,277,107,sandstone,Exploration,148.0136,38.2008,Offshore,Acceptable
Victoria,Snapper 1,1396.1,19.3,0,0.1,shale,Exploration,148.0136,38.2008,Offshore,Non-Acceptable
Victoria,Snapper 1,1398.3,19.7,0,0.1,shale,Exploration,148.0136,38.2008,Offshore,Non-Acceptable
Victoria,Snapper 1,1405,23.1,938,0,sandstone,Exploration,148.0136,38.2008,Offshore,Acceptable
Victoria,Snapper 1,1408,25.8,763,599,sandstone,Exploration,148.0136,38.2008,Offshore,Acceptable
Victoria,Snapper 1,1411.4,26.9,1037,176,sandstone,Exploration,148.0136,38.2008,Offshore,Acceptable
Victoria,Snapper 1,1415.9,28.3,187,43,sandstone,Exploration,148.0136,38.2008,Offshore,Acceptable
Victoria,Snapper 1,1795.1,9.9,0,0.1,siltstone,Exploration,148.0136,38.2008,Offshore,Non-Acceptable
Victoria,Snapper 1,1798,21.5,123,3.7,sandstone,Exploration,148.0136,38.2008,Offshore,Acceptable
Victoria,Snapper 1,1801.5,18.2,1.3,0.5,sandstone,Exploration,148.0136,38.2008,Offshore,Non-Acceptable
Victoria,Snapper 1,2056.9,10.3,0.1,0.1,sandstone,Exploration,148.0136,38.2008,Offshore,Non-Acceptable
Victoria,Snapper 1,2362.7,7.9,0.2,0.1,shale,Exploration,148.0136,38.2008,Offshore,Non-Acceptable
Victoria,Snapper 1,2365.4,4.4,0,0.1,shale,Exploration,148.0136,38.2008,Offshore,Non-Acceptable
Victoria,Snapper 1,2368.1,5.2,0.1,0.1,shale,Exploration,148.0136,38.2008,Offshore,Non-Acceptable
Victoria,Snapper 1,2581.5,2.7,0.1,0.1,shale,Exploration,148.0136,38.2008,Offshore,Non-Acceptable
Victoria,Snapper 1,2584.6,4.8,0.1,0.1,siltstone,Exploration,148.0136,38.2008,Offshore,Non-Acceptable
Victoria,Snapper 1,2587.6,2.2,0.1,0.1,shale,Exploration,148.0136,38.2008,Offshore,Non-Acceptable
Victoria,Snapper 1,2816.5,14.8,2.8,1.4,sandstone,Exploration,148.0136,38.2008,Offshore,Non-Acceptable
Victoria,Snapper 1,2819.6,0.8,0.1,0.1,shale,Exploration,148.0136,38.2008,Offshore,Non-Acceptable
Victoria,Snapper 1,2822.6,1,0.1,0.1,siltstone,Exploration,148.0136,38.2008,Offshore,Non-Acceptable
Victoria,Snapper 1,2825.3,8.8,0.9,0.1,sandstone,Exploration,148.0136,38.2008,Offshore,Non-Acceptable
Victoria,Snapper 1,2828.7,1.7,5.4,0.1,shale,Exploration,148.0136,38.2008,Offshore,Non-Acceptable
Victoria,Snapper 1,3014.6,1.7,0.3,1.3,shale,Exploration,148.0136,38.2008,Offshore,Non-Acceptable
Victoria,Snapper 1,3167.6,2.5,0.4,0.1,shale,Exploration,148.0136,38.2008,Offshore,Non-Acceptable
Victoria,Snapper 1,3170.1,8.3,0.3,0.2,sandstone,Exploration,148.0136,38.2008,Offshore,Non-Acceptable
Victoria,Snapper 1,3173.1,11.4,2.1,1,sandstone,Exploration,148.0136,38.2008,Offshore,Non-Acceptable
Victoria,Snapper 1,3196,11.6,1.4,0.5,sandstone,Exploration,148.0136,38.2008,Offshore,Non-Acceptable
Victoria,Snapper 1,3347.5,7.8,0.1,0.1,sandstone,Exploration,148.0136,38.2008,Offshore,Non-Acceptable
Victoria,Snapper 1,3353,10.1,0.3,0.2,sandstone,Exploration,148.0136,38.2008,Offshore,Non-Acceptable
Western Australia,Angel 1,2662.3,18.6,341,128,sandstone,Exploration,116.5967,19.5056,Onshore,Non-Acceptable
Western Australia,Angel 1,2663.2,18.6,727,644,sandstone,Exploration,116.5967,19.5056,Onshore,Non-Acceptable
Western Australia,Angel 1,2664.5,18.1,150,154,sandstone,Exploration,116.5967,19.5056,Onshore,Non-Acceptable
Western Australia,Angel 1,2665.4,19.4,632,0,sandstone,Exploration,116.5967,19.5056,Onshore,Non-Acceptable
Western Australia,Angel 1,2666,19,518,365,sandstone,Exploration,116.5967,19.5056,Onshore,Non-Acceptable
Western Australia,Angel 1,2666.6,19.9,267,366,sandstone,Exploration,116.5967,19.5056,Onshore,Non-Acceptable
Western Australia,Angel 1,3408.7,9.3,0.1,0.1,sandstone,Exploration,116.5967,19.5056,Onshore,Non-Acceptable
Western Australia,Angel 2,2702.3,20.9,423,91,sandstone,Exploration,116.6569,19.4662,Onshore,Acceptable
Western Australia,Angel 2,2703.2,17.7,251,204,sandstone,Exploration,116.6569,19.4662,Onshore,Non-Acceptable
Western Australia,Angel 2,2703.6,19.5,288,385,sandstone,Exploration,116.6569,19.4662,Onshore,Non-Acceptable
Western Australia,Angel 2,2704.6,17.8,240,186,sandstone,Exploration,116.6569,19.4662,Onshore,Non-Acceptable
Western Australia,Angel 2,2705.4,20,266,248,sandstone,Exploration,116.6569,19.4662,Onshore,Non-Acceptable
Western Australia,Angel 2,2706.3,4.8,49,0,sandstone,Exploration,116.6569,19.4662,Onshore,Non-Acceptable
Western Australia,Angel 2,2747,18.1,20,6.1,sandstone,Exploration,116.6569,19.4662,Onshore,Non-Acceptable
Western Australia,Angel 2,2748.8,19.7,2458,2226,sandstone,Exploration,116.6569,19.4662,Onshore,Non-Acceptable
Western Australia,Angel 2,2749.2,19.3,2709,2372,sandstone,Exploration,116.6569,19.4662,Onshore,Non-Acceptable
Western Australia,Angel 2,2749.9,20,3084,2035,sandstone,Exploration,116.6569,19.4662,Onshore,Non-Acceptable
Western Australia,Angel 2,2750.5,15.5,2506,1652,sandstone,Exploration,116.6569,19.4662,Onshore,Non-Acceptable
Western Australia,Angel 2,2751.1,14.5,952,509,sandstone,Exploration,116.6569,19.4662,Onshore,Non-Acceptable
Western Australia,Angel 2,2751.4,16.7,862,756,sandstone,Exploration,116.6569,19.4662,Onshore,Non-Acceptable
Western Australia,Angel 2,2752.9,13.1,296,263,sandstone,Exploration,116.6569,19.4662,Onshore,Non-Acceptable
Western Australia,Angel 2,2753.9,11,40,113,sandstone,Exploration,116.6569,19.4662,Onshore,Non-Acceptable
Western Australia,Angel 2,4392.7,1.3,0.3,0.7,shale,Exploration,116.6569,19.4662,Onshore,Non-Acceptable
Western Australia,Angel 2,4395.7,5.7,0.1,0.1,sandstone,Exploration,116.6569,19.4662,Onshore,Non-Acceptable
Western Australia,Angel 2,4396.5,6.7,0,0.1,sandstone,Exploration,116.6569,19.4662,Onshore,Non-Acceptable
Western Australia,Barrow Island 1,123.1,26,0,0,sandstone,Exploration,115.3939,20.8183,Onshore,Non-Acceptable
Western Australia,Barrow Island 1,140.5,18,0,0,limestone,Exploration,115.3939,20.8183,Onshore,Non-Acceptable
Western Australia,Barrow Island 1,186.2,13,0,0,limestone,Exploration,115.3939,20.8183,Onshore,Non-Acceptable
Western Australia,Barrow Island 1,665.4,26,2,0,sandstone,Exploration,115.3939,20.8183,Onshore,Non-Acceptable
Western Australia,Barrow Island 1,668.4,25,1,0,sandstone,Exploration,115.3939,20.8183,Onshore,Non-Acceptable
Western Australia,Barrow Island 1,882.4,34.5,0,12,siltstone,Exploration,115.3939,20.8183,Onshore,Non-Acceptable
Western Australia,Barrow Island 1,920.2,24,0,0,sandstone,Exploration,115.3939,20.8183,Onshore,Non-Acceptable
Western Australia,Barrow Island 1,1188.1,17,3,0,sandstone,Exploration,115.3939,20.8183,Onshore,Non-Acceptable
Western Australia,Barrow Island 1,1261.3,22,89,0,sandstone,Exploration,115.3939,20.8183,Onshore,Non-Acceptable
Western Australia,Barrow Island 1,1423.4,22,0,0,sandstone,Exploration,115.3939,20.8183,Onshore,Non-Acceptable
Western Australia,Barrow Island 1,1556,23.5,341,277,sandstone,Exploration,115.3939,20.8183,Onshore,Acceptable
Western Australia,Barrow Island 1,1681,24.5,444,739,sandstone,Exploration,115.3939,20.8183,Onshore,Acceptable
Western Australia,Barrow Island 1,1807.8,11.5,0,0,shale,Exploration,115.3939,20.8183,Onshore,Non-Acceptable
Western Australia,Barrow Island 1,1891.6,21.5,184,164,sandstone,Exploration,115.3939,20.8183,Onshore,Acceptable
Western Australia,Barrow Island 1,1892.5,22.5,330,299,sandstone,Exploration,115.3939,20.8183,Onshore,Acceptable
Western Australia,Barrow Island 1,1894.9,21,286,281,sandstone,Exploration,115.3939,20.8183,Onshore,Acceptable
Western Australia,Barrow Island 1,1899.8,21.5,134,81,sandstone,Exploration,115.3939,20.8183,Onshore,Acceptable
Western Australia,Barrow Island 1,1901,21,261,280,sandstone,Exploration,115.3939,20.8183,Onshore,Acceptable
Western Australia,Barrow Island 1,1982.4,16.5,0,0,shale,Exploration,115.3939,20.8183,Onshore,Non-Acceptable
Western Australia,Barrow Island 1,1996.4,13.5,0,0,siltstone,Exploration,115.3939,20.8183,Onshore,Non-Acceptable
Western Australia,Barrow Island 1,2037.6,19.5,0,0,sandstone,Exploration,115.3939,20.8183,Onshore,Non-Acceptable
Western Australia,Barrow Island 1,2059.8,30,31,32,sandstone,Exploration,115.3939,20.8183,Onshore,Non-Acceptable
Western Australia,Barrow Island 1,2061.7,30,172,141,sandstone,Exploration,115.3939,20.8183,Onshore,Acceptable
Western Australia,Barrow Island 1,2066.8,17.5,0,0,siltstone,Exploration,115.3939,20.8183,Onshore,Non-Acceptable
Western Australia,Barrow Island 1,2071.7,17.5,0,0,siltstone,Exploration,115.3939,20.8183,Onshore,Non-Acceptable
Western Australia,Barrow Island 1,2075.1,25,22,19,sandstone,Exploration,115.3939,20.8183,Onshore,Non-Acceptable
Western Australia,Barrow Island 1,2083.9,28.5,108,93,sandstone,Exploration,115.3939,20.8183,Onshore,Acceptable
Western Australia,Barrow Island 1,2086.4,29,63,28,sandstone,Exploration,115.3939,20.8183,Onshore,Non-Acceptable
Western Australia,Barrow Island 1,2092.8,30,94,83,sandstone,Exploration,115.3939,20.8183,Onshore,Non-Acceptable
Western Australia,Barrow Island 1,2097,26,10,0,sandstone,Exploration,115.3939,20.8183,Onshore,Non-Acceptable
Western Australia,Barrow Island 1,2222,13,0,0,shale,Exploration,115.3939,20.8183,Onshore,Non-Acceptable
Western Australia,Barrow Island 1,2359.2,16,0,0,sandstone,Exploration,115.3939,20.8183,Onshore,Non-Acceptable
Western Australia,Barrow Island 1,2404.3,17.5,0,0,siltstone,Exploration,115.3939,20.8183,Onshore,Non-Acceptable
Western Australia,Barrow Island 1,2598.4,13,0,0,siltstone,Exploration,115.3939,20.8183,Onshore,Non-Acceptable
Western Australia,Barrow Island 1,2834.6,14,0,0,shale,Exploration,115.3939,20.8183,Onshore,Non-Acceptable
Papua New Guinea,Muabu 1 ,2011.2,4,0,0,limestone,Exploration,144.6697,7.3811,Onshore,Non-Acceptable
Papua New Guinea,Muabu 1 ,2267.1,7,0,0,limestone,Exploration,144.6697,7.3811,Onshore,Non-Acceptable
Papua New Guinea,Muabu 1 ,2632.9,15,0,0,shale,Exploration,144.6697,7.3811,Onshore,Non-Acceptable
Papua New Guinea,Muabu 1 ,2878.6,13,0,0,shale,Exploration,144.6697,7.3811,Onshore,Non-Acceptable
Papua New Guinea,Muabu 1 ,2973.7,14,0,0,shale,Exploration,144.6697,7.3811,Onshore,Non-Acceptable
Papua New Guinea,Muabu 1 ,3229.7,13,0,0,shale,Exploration,144.6697,7.3811,Onshore,Non-Acceptable
Papua New Guinea,Muabu 1 ,3456.8,13,0,0,shale,Exploration,144.6697,7.3811,Onshore,Non-Acceptable
Papua New Guinea,Mutare 1 ,129.5,34,80,170,limestone,Exploration,142.9883,8.5544,Onshore,Non-Acceptable
Papua New Guinea,Mutare 1 ,221.6,21,26,33,limestone,Exploration,142.9883,8.5544,Onshore,Non-Acceptable
Papua New Guinea,Mutare 1 ,259.7,42.5,293,313,limestone,Exploration,142.9883,8.5544,Onshore,Acceptable
Papua New Guinea,Mutare 1 ,359.7,40.5,720,440,limestone,Exploration,142.9883,8.5544,Onshore,Acceptable
Papua New Guinea,Mutare 1 ,463.9,13.5,0,0,limestone,Exploration,142.9883,8.5544,Onshore,Non-Acceptable
Papua New Guinea,Mutare 1 ,566.8,14.5,0,0,limestone,Exploration,142.9883,8.5544,Onshore,Non-Acceptable
Papua New Guinea,Mutare 1 ,616,18,0,0,limestone,Exploration,142.9883,8.5544,Onshore,Non-Acceptable
Papua New Guinea,Mutare 1 ,673.5,22,2,4,limestone,Exploration,142.9883,8.5544,Onshore,Non-Acceptable
Papua New Guinea,Mutare 1 ,738.4,28.5,8,5,limestone,Exploration,142.9883,8.5544,Onshore,Non-Acceptable
Papua New Guinea,Mutare 1 ,801.4,22.5,9,6,limestone,Exploration,142.9883,8.5544,Onshore,Non-Acceptable
Papua New Guinea,Mutare 1 ,802.8,10.5,0,0,sandstone,Exploration,142.9883,8.5544,Onshore,Non-Acceptable
Papua New Guinea,Mutare 1 ,842.2,27.5,0,0,sandstone,Exploration,142.9883,8.5544,Onshore,Non-Acceptable
Papua New Guinea,Mutare 1 ,877.2,27.5,0,0,sandstone,Exploration,142.9883,8.5544,Onshore,Non-Acceptable
Papua New Guinea,Mutare 1 ,951.9,34,7,5,sandstone,Exploration,142.9883,8.5544,Onshore,Non-Acceptable
Papua New Guinea,Mutare 1 ,958.9,29,0,0,sandstone,Exploration,142.9883,8.5544,Onshore,Non-Acceptable
Papua New Guinea,Mutare 1 ,989.7,20.5,0,0,shale,Exploration,142.9883,8.5544,Onshore,Non-Acceptable
Papua New Guinea,Mutare 1 ,991.5,26,4,0,siltstone,Exploration,142.9883,8.5544,Onshore,Non-Acceptable
Papua New Guinea,Mutare 1 ,1068,23,0,0,sandstone,Exploration,142.9883,8.5544,Onshore,Non-Acceptable
Papua New Guinea,Mutare 1 ,1111,28,0,128,sandstone,Exploration,142.9883,8.5544,Onshore,Non-Acceptable
Papua New Guinea,Mutare 1 ,1239.1,27.5,0,0,sandstone,Exploration,142.9883,8.5544,Onshore,Non-Acceptable
Papua New Guinea,Mutare 1 ,1297.2,18,0,0,sandstone,Exploration,142.9883,8.5544,Onshore,Non-Acceptable
Papua New Guinea,Mutare 1 ,1344.8,29,88,18,sandstone,Exploration,142.9883,8.5544,Onshore,Non-Acceptable
Papua New Guinea,Mutare 1 ,1360.9,22.5,41,123,sandstone,Exploration,142.9883,8.5544,Onshore,Non-Acceptable
Papua New Guinea,Mutare 1 ,1362.9,24,58,9,sandstone,Exploration,142.9883,8.5544,Onshore,Non-Acceptable
Papua New Guinea,Wuroi 1 ,805,10,16,0,sandstone,Exploration,143.0389,8.8144,Onshore,Non-Acceptable
Papua New Guinea,Wuroi 1 ,806.8,23.5,36,0,sandstone,Exploration,143.0389,8.8144,Onshore,Non-Acceptable
Papua New Guinea,Wuroi 1 ,928.7,6.5,3,1,sandstone,Exploration,143.0389,8.8144,Onshore,Non-Acceptable
Papua New Guinea,Wuroi 1 ,937,28,0,0,sandstone,Exploration,143.0389,8.8144,Onshore,Non-Acceptable
Papua New Guinea,Wuroi 1 ,937.3,25.5,5,2,sandstone,Exploration,143.0389,8.8144,Onshore,Non-Acceptable
Papua New Guinea,Wuroi 1 ,996.1,33,123,68,sandstone,Exploration,143.0389,8.8144,Onshore,Acceptable
Papua New Guinea,Wuroi 1 ,998.8,33.5,658,58,sandstone,Exploration,143.0389,8.8144,Onshore,Acceptable
Papua New Guinea,Wuroi 1 ,1139.8,27.5,5,1,sandstone,Exploration,143.0389,8.8144,Onshore,Non-Acceptable
